Series Name,Series Code,Country Name,Country Code,1990 [YR1990],1991 [YR1991],1992 [YR1992],1993 [YR1993],1994 [YR1994],1995 [YR1995],1996 [YR1996],1997 [YR1997],1998 [YR1998],1999 [YR1999],2000 [YR2000],2001 [YR2001],2002 [YR2002],2003 [YR2003],2004 [YR2004],2005 [YR2005],2006 [YR2006],2007 [YR2007],2008 [YR2008],2009 [YR2009],2010 [YR2010],2011 [YR2011],2012 [YR2012],2013 [YR2013],2014 [YR2014],2015 [YR2015],2016 [YR2016],2017 [YR2017],2018 [YR2018],2019 [YR2019]
Methane emissions (kt of CO2 equivalent),EN.ATM.METH.KT.CE,Afghanistan,AFG,6738.543,7021.841,7127.302,7212.73,7465.759,7827.897,8671.811,9396.953,9959.927,10782.37,9560.366,8347.273,10195.37,10506.94,10500.32,10731.73,11175.95,11610.48,12904.92,13385.46,15196.11,15500.5,15632.09,15823.02,16300.03,15960.5,15829.4,15610.63,15912.89,16374.92
Methane emissions (kt of CO2 equivalent),EN.ATM.METH.KT.CE,Albania,ALB,3544.647,3496.495,3408.601,3487.992,4078.828,4080.307,3908.034,3702.707,3564.439,3614.401,3665.114,3607.008,3561.112,3572.184,3499.263,3485.975,3436.857,3304.334,3133.842,3023.684,3029.719,3019.352,3060.733,3060.841,3086.507,3105.396,3092.421,3047.633,3008.318,2848.236
Methane emissions (kt of CO2 equivalent),EN.ATM.METH.KT.CE,Algeria,DZA,52651.27,53536.69,54099.28,57295.4,58249.99,62447.5,65644.91,67334.53,68731.91,71320.06,74622.44,72280.68,74173.58,80491.44,81180.56,84278.33,85664.67,85188.12,85527.85,82332.23,82791.66,81292.78,85693.03,85511.68,89291.66,89625.3,93001.25,92895.32,94401.62,92344.67
Methane emissions (kt of CO2 equivalent),EN.ATM.METH.KT.CE,American Samoa,ASM,..,..,..,..,..,..,..,..,..,..,..,..,..,..,..,..,..,..,..,..,..,..,..,..,..,..,..,..,..,..
Methane emissions (kt of CO2 equivalent),EN.ATM.METH.KT.CE,Andorra,AND,22.591,23.636,24.681,25.727,26.772,27.817,28.812,29.806,30.801,31.795,32.79,34.606,36.421,38.237,40.052,41.868,43.697,45.527,47.357,49.187,51.016,51.148,51.28,51.411,51.543,51.675,52.06,52.445,52.83,53.216
Methane emissions (kt of CO2 equivalent),EN.ATM.METH.KT.CE,Angola,AGO,21217.78,21491.67,21946.15,22575.52,23481.64,25230.28,25391.69,25685.17,27885.62,27091.04,27084.18,27094.88,28606.98,30733.64,31623.3,33097.83,32586.06,35328.36,36396.97,35526.36,36899.93,36638.01,35771.35,35760.1,34899.07,37108.01,37428.34,37621.71,34000.33,35088.32
Methane emissions (kt of CO2 equivalent),EN.ATM.METH.KT.CE,Antigua and Barbuda,ATG,125.551,132.017,137.107,142.556,148.095,153.287,156.675,161.596,166.397,172.183,176.954,180.417,183.512,186.567,189.825,192.442,194.734,196.029,198.108,200.09,186.232,188.396,190.435,192.427,194.509,196.564,198.527,200.592,201.95,202.078
Methane emissions (kt of CO2 equivalent),EN.ATM.METH.KT.CE,Argentina,ARG,109582.1,108705.7,110652.1,109536.4,110485.1,111968,110718.7,111153.4,110140,114048.8,115915.7,116089.5,119336.2,126968.9,128809.7,128269.7,130539.6,130809.8,130194.7,124013.5,115949.4,115248.7,118707.5,120356.2,121541,122005.8,123597.9,127552.6,127538.7,128800.3
Methane emissions (kt of CO2 equivalent),EN.ATM.METH.KT.CE,Armenia,ARM,3651.332,3446.688,3160.386,2899.311,2731.024,2566.292,2411.596,2260.054,2058.65,1913.886,1800.413,1847.498,1900.578,1954.215,2012.465,2045.433,2094.55,2168.83,2210.225,2174.743,2203.858,2214.394,2271.222,2361.511,2413.504,2466.878,2487.214,2433.369,2347.343,2323.11
Methane emissions (kt of CO2 equivalent),EN.ATM.METH.KT.CE,Aruba,ABW,..,..,..,..,..,..,..,..,..,..,..,..,..,..,..,..,..,..,..,..,..,..,..,..,..,..,..,..,..,..
Methane emissions (kt of CO2 equivalent),EN.ATM.METH.KT.CE,Australia,AUS,138832.9,138666.1,136656.7,135216.4,136207.1,134811.7,127374.9,127805.9,131114.1,145853.3,156049.3,166111.1,159494.6,119974.8,140378.5,121076.7,139661.9,136694.7,120486.6,124271.3,114900.3,164059.9,162622.7,125684.7,137669.5,134156.6,118378.5,141302.9,140600.6,126073.4
Methane emissions (kt of CO2 equivalent),EN.ATM.METH.KT.CE,Austria,AUT,11849.64,11850.49,11647.66,11326.75,10931.33,10444.85,10268.89,9946.179,9667.866,9540.497,9281.674,9168.186,9050.525,8898.668,8813.963,8623.939,8486.547,8332.143,8249.719,8072.845,8107.731,7922.195,7770.629,7633.339,7441.414,7391.791,7313.464,7270.09,7035.808,6917.643
Methane emissions (kt of CO2 equivalent),EN.ATM.METH.KT.CE,Azerbaijan,AZE,19221.44,18176.45,16047.53,11220.09,6560.52,6681.54,6470.962,6560.851,6903.012,7441.659,7560.61,8093.421,8221.639,8403.22,8623.838,9591.926,10831.54,12241.26,13554.32,13938.91,14018.9,13749.96,14009.55,14321.99,14273.03,14230.79,14133.82,13867.1,14219.94,14665.15
Methane emissions (kt of CO2 equivalent),EN.ATM.METH.KT.CE,"Bahamas, The",BHS,145.582,147.606,150.114,152.277,154.45,157.711,159.099,160.957,165.443,168.469,167.094,168.496,172.313,171.345,186.504,181.568,182.818,186.686,195.925,192.688,192.277,204.45,199.452,208.354,204.434,209.089,212.086,217.803,213.415,216.222
Methane emissions (kt of CO2 equivalent),EN.ATM.METH.KT.CE,Bahrain,BHR,4824.611,4817.264,5065.35,5247.306,5386.793,5891.911,6431.175,7083.239,7673.463,8218.889,8774.064,9086.82,9424.041,9742.694,9979.327,10481.83,11091.22,11699.68,12351.1,12862.9,13481.79,13902.84,14144.28,15034.84,15479.68,15801.45,16244.3,16609.77,16899.16,17409.47
Methane emissions (kt of CO2 equivalent),EN.ATM.METH.KT.CE,Bangladesh,BGD,66259.7,66357.73,67183.4,67498.03,68474.16,69335.48,69045.06,69592.92,69274.8,71382.76,72142.04,72488.43,73964.76,75098.3,75107.69,77033.43,78508.19,79533.48,82468.5,83867.09,85581.23,86281.09,87002.58,87995.34,88740.1,89827.56,89903.58,92431.83,92052.22,92649.54
Methane emissions (kt of CO2 equivalent),EN.ATM.METH.KT.CE,Barbados,BRB,2072.534,2110.684,2149.297,2183.439,2221.734,2230.889,2241.694,2248.055,2258.38,2267.216,2275.846,2273.505,2271.321,2269.612,2268.046,2265.952,2268.589,2272.736,2280.173,2288.263,2294.82,2300.141,2306.418,2312.622,2318.263,2323.96,2331.041,2338.071,2344.825,2351.782
Methane emissions (kt of CO2 equivalent),EN.ATM.METH.KT.CE,Belarus,BLR,20534.31,20113.93,17996.81,17085.73,16242.47,15420.44,15164.05,14950.32,14884.43,14722.92,14330.51,14089.24,13886.18,13964.78,14389.84,14153.38,14550.1,14948.4,15773.16,15834.66,16299.13,15984.95,16252.17,16918.11,16990.73,17232.67,16811.45,17011.46,17027.5,17018.01
Methane emissions (kt of CO2 equivalent),EN.ATM.METH.KT.CE,Belgium,BEL,13259.2,13353.13,13160.8,12965.89,13010.81,13131.92,13010.53,12816.84,12553.51,12609.67,12136.78,11627.31,11079.2,10399.4,10259.42,9988.494,9834.392,9645.849,9452.02,9363.916,9237.058,8988.232,8830.978,8606.656,8538.459,8526.502,8447.744,8166.462,8186.108,8079.011
Methane emissions (kt of CO2 equivalent),EN.ATM.METH.KT.CE,Belize,BLZ,6108.389,6222.687,6362.762,6470.3,6594.153,5501.887,4435.568,3375.519,2316.434,1257.883,183.506,208.688,226.672,252.656,247.328,260.72,317.918,373.641,421.554,470.912,523.644,527.304,502.658,520.228,467.636,461.137,483.958,498.468,507.481,525.724
Methane emissions (kt of CO2 equivalent),EN.ATM.METH.KT.CE,Benin,BEN,2224.011,2313.969,2355.666,2369.895,2531.571,2356.67,2718.168,2799.868,2933.66,2840.53,3077.66,2664.205,2924.116,2845.366,2808.992,3177.249,3071.383,3163.516,3066.672,3154.578,3117.711,3236.499,3297.647,3511.837,3465.16,3533.418,3688.434,3715.704,3823.763,3912.794
Methane emissions (kt of CO2 equivalent),EN.ATM.METH.KT.CE,Bermuda,BMU,..,..,..,..,..,..,..,..,..,..,..,..,..,..,..,..,..,..,..,..,..,..,..,..,..,..,..,..,..,..
Methane emissions (kt of CO2 equivalent),EN.ATM.METH.KT.CE,Bhutan,BTN,564.56,570.351,540.577,539.104,537.93,585.622,569.725,566.356,562.045,585.631,557.31,511.724,511.253,510.727,514.286,583.038,567.703,577.017,506.637,541.397,542.112,537.594,531.209,538.071,505.431,490.533,494.641,496.372,475.79,473.458
Methane emissions (kt of CO2 equivalent),EN.ATM.METH.KT.CE,Bolivia,BOL,15793.06,16331.48,16751.01,16257.17,16009.11,15395.66,15543.79,16516.09,16600.54,17137.77,17435.9,17526.91,19081.77,19358.07,21109.66,22373.04,22485.49,23039.29,23452.31,23362.63,25659.5,25565.62,26514.17,27509.91,27492.47,27938.33,28409.17,28228.75,27876.74,28360.84
Methane emissions (kt of CO2 equivalent),EN.ATM.METH.KT.CE,Bosnia and Herzegovina,BIH,5173.912,5101.332,3343.203,2560.976,2496.374,2279.885,2524.282,2956.102,3235.446,3382.172,3530.023,3505.473,2888.209,3123.36,3314.411,3413.773,3606.835,3787.973,3882.99,3994.513,3797.328,3882.065,3799.63,3797.818,3546.01,3597.32,3580.347,3523.349,3697.933,3656.765
Methane emissions (kt of CO2 equivalent),EN.ATM.METH.KT.CE,Botswana,BWA,5633.041,5302.898,5103.874,4920.733,5174.028,5652.22,6257.948,5985.15,5525.745,5495.25,5314.638,6273.086,6264.439,2903.052,3153.28,3701.766,4666.235,3717.463,7880,3632.626,9056.487,11140.54,5190,4618.707,3132.734,2891.802,2468.78,3844.841,2792.217,2017.573
Methane emissions (kt of CO2 equivalent),EN.ATM.METH.KT.CE,Brazil,BRA,282304.2,291439.4,296792.3,297867.7,304197.6,310158.6,299724.9,306557.9,314569,319540.5,327113.2,340001,358966.9,375101.4,391805.6,399341.4,396350,397068.1,396510.3,399905.7,419389.7,418755.1,421012,418521.4,424287.7,430367,432382,430136.3,424653,431067.4
Methane emissions (kt of CO2 equivalent),EN.ATM.METH.KT.CE,British Virgin Islands,VGB,..,..,..,..,..,..,..,..,..,..,..,..,..,..,..,..,..,..,..,..,..,..,..,..,..,..,..,..,..,..
Methane emissions (kt of CO2 equivalent),EN.ATM.METH.KT.CE,Brunei Darussalam,BRN,1321.752,1407.499,1489.228,1571.857,1528.727,1564.111,1531.916,1548.662,1474.265,1627.32,1731.606,1672.496,1770.875,1882.227,1884.769,1836.326,2036.784,1915.492,1998.187,1799.253,1803.128,1859.559,1819.26,1660.771,1658.245,1570.331,1565.14,1643.34,1622.56,1589.779
Methane emissions (kt of CO2 equivalent),EN.ATM.METH.KT.CE,Bulgaria,BGR,16367.96,15347.57,14808.07,13514.09,11719.36,12005.39,12064.42,11565.02,11064.79,10653.72,10576.78,9974.248,9441.205,9841.959,9328.292,8905.041,8516.537,8593.048,8316.769,7966.418,7812.117,8067.345,7782.704,7520.856,7503.744,7422.212,7131.678,7095.595,6962.762,6836.667
Methane emissions (kt of CO2 equivalent),EN.ATM.METH.KT.CE,Burkina Faso,BFA,6753.79,6964.411,7148.338,7294.151,7469.9,7704.846,7690.061,7985.56,8047.78,8062.527,8630.894,8378.169,8709.77,10748.7,11075.74,11397.44,11327.56,11609.31,12007.92,12441.61,13039.23,13302.28,13374.98,13760.29,14062.15,14259.32,15025.07,15257.14,15429.07,15845.02
Methane emissions (kt of CO2 equivalent),EN.ATM.METH.KT.CE,Burundi,BDI,601.765,611.355,616.271,597.346,540.809,553.849,545.422,566.041,504.655,507.094,518.971,535.218,520.22,539.456,573.018,604.293,657.637,695.078,750.725,826.399,926.155,1008.179,1009.982,1207.307,1168.251,1161.654,1324.809,1608.235,1607.71,1353.308
Methane emissions (kt of CO2 equivalent),EN.ATM.METH.KT.CE,Cabo Verde,CPV,76.15,78.004,85.523,87.779,84.388,87.754,82.047,82.299,84.136,81.758,78.05,78.952,81.175,80.92,87.395,87.665,86.846,85.697,86.175,91.521,95.164,89.233,90.422,91.771,93.068,94.409,95.783,88.536,88.979,89.627
Methane emissions (kt of CO2 equivalent),EN.ATM.METH.KT.CE,Cambodia,KHM,12142.48,11737.5,12035.81,12724.81,11490.97,13843.87,13858.41,14014.41,13952.98,14800.57,13952.63,13948.37,14161.46,15325.07,15023.88,16210.73,17100.79,17398.17,17590.97,18004.88,18190.33,18960.67,18411.64,18266.11,17774.7,17664.33,18128.84,18579.27,18470.98,18203.77
Methane emissions (kt of CO2 equivalent),EN.ATM.METH.KT.CE,Cameroon,CMR,10773.44,14900.04,14806.48,13586.1,12291.07,12298.9,12789.13,13110.31,13868.1,14149.1,15120.43,14594.55,14428.65,15185.43,14317.29,15047.53,14296.82,14064.62,13791.15,13486.1,13459.54,13230.21,13483.1,14058.61,14384.49,15293.85,15481.01,15062.83,15353.61,15549.07
Methane emissions (kt of CO2 equivalent),EN.ATM.METH.KT.CE,Canada,CAN,68967.87,70227.03,72705.39,74296.08,76014.59,79024.86,81023.86,82184.17,84604.64,84002.22,84633.82,85721.88,87326.26,87908.93,90426.93,91310.85,93162.98,91982,88217.89,85127.77,85556.3,86576.87,87011.02,89807.35,91931.37,92211.95,94445.39,98657.65,101726.2,101696.7
Methane emissions (kt of CO2 equivalent),EN.ATM.METH.KT.CE,Cayman Islands,CYM,..,..,..,..,..,..,..,..,..,..,..,..,..,..,..,..,..,..,..,..,..,..,..,..,..,..,..,..,..,..
Methane emissions (kt of CO2 equivalent),EN.ATM.METH.KT.CE,Central African Republic,CAF,8678.134,8878.546,8903.559,8923.846,8997.216,9075.101,10057.84,10162.51,11127.3,10025.53,11461.36,9645.196,8592.763,11064.61,9834.496,10361.17,10452.52,10689.16,11237.14,9086.685,10128.06,10836.41,9465.808,10088.46,9878.38,10048.28,10952.43,10243.97,10531.87,9505.08
Methane emissions (kt of CO2 equivalent),EN.ATM.METH.KT.CE,Chad,TCD,9066.019,13321.14,13894.74,14497.95,15117.66,15814.23,17431.17,17923.8,18518.23,19710.34,21312.91,21604.49,24675.45,23163.01,26264.02,27601.31,28353.12,29645.06,30624.77,31426.41,33198.93,34915.61,36636.18,38315.64,40055.32,43720.52,46276.51,47769.71,50716.15,52718.12
Methane emissions (kt of CO2 equivalent),EN.ATM.METH.KT.CE,Channel Islands,CHI,..,..,..,..,..,..,..,..,..,..,..,..,..,..,..,..,..,..,..,..,..,..,..,..,..,..,..,..,..,..
Methane emissions (kt of CO2 equivalent),EN.ATM.METH.KT.CE,Chile,CHL,9972.412,10142.2,10409.95,10745.94,11118.36,11379.98,11651.87,12077.49,12305.57,12422.25,12402.73,12279.34,12054.54,11910.52,11914.14,11760.26,11545.94,11221.39,11650.85,11768.41,12279.03,12334.95,12612.06,11563.51,10830.77,10589.28,10908.29,11020.27,11410.42,11589.42
Methane emissions (kt of CO2 equivalent),EN.ATM.METH.KT.CE,China,CHN,765393.8,775084.4,780749.9,790097.4,812514.7,849863.6,858016.5,812964.9,814876.1,809539.2,809197,802527.5,795520.1,820518.8,867144.8,904988.5,944229.8,974726.9,993606.8,1023738,1072775,1121239,1122670,1147024,1161124,1159607,1120074,1131485,1158960,1176139
Methane emissions (kt of CO2 equivalent),EN.ATM.METH.KT.CE,Colombia,COL,56341.83,56045.36,57112.15,58266.56,59611.28,61007.18,61980.68,61974.83,63225.18,61543.68,61626.2,62629.36,62491.5,63789.46,64614.35,65000.59,65335.55,67057.67,68162.84,69220.43,71850.15,70538.31,68879.99,69608.68,69664.66,69617.85,69603.89,70991.83,74122.79,76839.51
Methane emissions (kt of CO2 equivalent),EN.ATM.METH.KT.CE,Comoros,COM,153,153.93,157.643,161.295,162.16,164.327,166.282,168.351,172.938,174.8,155,167.993,171.831,165.937,168.488,171.284,186.527,166.268,188.375,190.978,202.244,217.108,224.234,228.144,235.103,238.402,246.22,252.322,259,267
Methane emissions (kt of CO2 equivalent),EN.ATM.METH.KT.CE,"Congo, Dem. Rep.",COD,21514.9,21629.69,21964.16,23048.11,24190.23,24390.18,22449.46,22611.84,23051.37,22202.56,22177.6,23425.73,26119.17,28004.05,28941.39,28989.57,29576.27,28669.01,29738.74,29872.28,30678.21,30365.75,29569.7,31009.14,31871.76,32870.87,33484.77,35331.44,34250.95,34925.72
Methane emissions (kt of CO2 equivalent),EN.ATM.METH.KT.CE,"Congo, Rep.",COG,4967.857,4954.356,5197.677,5084.916,4663.562,4998.466,5105.161,5572.981,6378.373,6705.591,6786.446,6554.331,5576.124,6041.76,6408.202,7460.315,8348.946,7021.889,7220.19,7774.29,8671.126,8431.547,7918.398,7414.351,7127.042,7116.466,6924.555,7456.907,8871.951,9258.016
Methane emissions (kt of CO2 equivalent),EN.ATM.METH.KT.CE,Costa Rica,CRI,3976.628,4034.345,4073.955,4151.085,3920.818,3658.125,3671.675,3681.1,3797.978,3778.615,3801.098,3733.478,3663.113,3605.953,3574.278,3704.173,3698.391,3889.559,4043.487,4101.577,4155.023,4263.793,4206.286,4286.028,4298.689,4343.134,4517.032,4577.007,4632.68,4690.296
Methane emissions (kt of CO2 equivalent),EN.ATM.METH.KT.CE,Cote d'Ivoire,CIV,4004.102,6553.203,9129.796,11519.71,14121.8,14463.32,14626.27,14968.82,15194.38,15519.41,15835.22,15343.83,15056.01,13988.39,12745.52,12888.62,12086.09,11245.9,10244.35,9247.897,8477.135,7971.776,7342.349,7700.127,7239.875,7091.873,7726.646,7423.653,7278.635,7231.063
Methane emissions (kt of CO2 equivalent),EN.ATM.METH.KT.CE,Croatia,HRV,4047.609,3980.476,3713.197,3665.559,3525.599,3442.361,3383.903,3356.815,3326.905,3374.015,3295.845,3378.199,3395.87,3509.671,3649.432,3627.522,3749.423,3787.576,3762.567,3819.024,3799.888,3806.982,3745.839,3647.433,3643.614,3738.49,3754.059,3770.747,3670.29,3678.518
Methane emissions (kt of CO2 equivalent),EN.ATM.METH.KT.CE,Cuba,CUB,12649.5,12232.32,12190.7,11243.24,11594.36,11380.67,12029.94,11887.84,11867.74,11692.93,11748.37,11599.74,11771.98,11958.91,11459.98,10755.75,11157.74,11245.12,11471.15,12053.27,11918.95,12235.75,12221.37,12251.07,12244.27,11745.22,11836.1,11400.56,11446.17,11146.23
Methane emissions (kt of CO2 equivalent),EN.ATM.METH.KT.CE,Curacao,CUW,..,..,..,..,..,..,..,..,..,..,..,..,..,..,..,..,..,..,..,..,..,..,..,..,..,..,..,..,..,..
Methane emissions (kt of CO2 equivalent),EN.ATM.METH.KT.CE,Cyprus,CYP,532,539,549,563,577.67,590.852,601.937,609.381,616.621,623.345,639.408,661.558,681.185,674.193,674.229,668.609,672.252,671.943,679.239,683.106,688.984,691.531,691.991,689.799,699.401,709.142,726.721,736.722,739.126,744.152
Methane emissions (kt of CO2 equivalent),EN.ATM.METH.KT.CE,Czechia,CZE,23656.29,22157.16,20655.07,19720.07,18517.41,17993.3,17763.28,17402.85,16711.23,15855.62,14976.93,14683.09,14135.97,14064.59,13652.18,14041.21,14292.28,13823.35,13924.49,13589.02,13817.01,13770.61,13619.07,12821.81,12755.02,12761.86,12474.42,12491.96,12408.24,12436.42
Methane emissions (kt of CO2 equivalent),EN.ATM.METH.KT.CE,Denmark,DNK,9430.654,9661.769,9686.277,9844.014,9691.263,9647.557,9729.832,9758.876,9738.6,9721.161,9930.154,10132.04,9979.057,9920.793,9860.541,9720.99,9550.955,9482.303,9225.333,8876.996,9046.725,8732.093,8562.428,8348.571,8195.704,8199.765,8149.864,8075.588,7952.877,7780.005
Methane emissions (kt of CO2 equivalent),EN.ATM.METH.KT.CE,Djibouti,DJI,440.656,446.25,450.753,462.577,478.34,512.066,536.148,546.329,560.166,584.441,591.054,595.126,598.391,602.953,610.553,614.365,609.973,613.761,616.75,621.183,624.174,626.844,633.405,636.37,641.143,645.543,646.609,649.16,652.346,655.527
Methane emissions (kt of CO2 equivalent),EN.ATM.METH.KT.CE,Dominica,DMA,97.73,97.585,97.68,97.955,98.092,88.52,79.255,69.825,60.395,50.967,41.538,41.538,41.04,41.04,41.04,41.543,41.564,41.763,41.792,41.821,42.137,42.545,43.066,42.899,42.982,43.005,43.063,43.244,43.392,43.539
Methane emissions (kt of CO2 equivalent),EN.ATM.METH.KT.CE,Dominican Republic,DOM,5957.368,6562.697,6679.988,7252.015,7552.67,7318.368,7212.635,6991.933,6814.095,6406.393,6269.265,6595.356,6812.631,6726.229,7234.167,7042.005,7144.789,7839.905,8035.831,8320.46,8470.331,8562.9,8587.252,8648.611,8710.125,8738.439,8835.035,8960.387,9142.998,9306.925
Methane emissions (kt of CO2 equivalent),EN.ATM.METH.KT.CE,Ecuador,ECU,17805.73,18046.99,19286,20635.46,21860.4,22149.41,22863.07,23420.69,22396.47,22727.89,21840.11,23507.93,23740.08,24458.08,26740.72,26639.83,27100.56,26497.08,26761.6,27182,27686.92,27865.4,27820.28,28267.36,27831.08,27051.43,27314.16,27145.03,26545.81,27166.89
Methane emissions (kt of CO2 equivalent),EN.ATM.METH.KT.CE,"Egypt, Arab Rep.",EGY,31308.98,34544.82,35737.58,38642.25,40486.86,42513.2,44418.5,46263.12,46273.73,50260.84,50863.97,52007.72,53921.25,55014.52,55512.14,59171.39,60937.33,63147.09,64849.29,63568.15,62713.48,64929.59,67262.88,65772.44,66610.12,65535.78,67955.01,69793.16,70547.61,75129.01
Methane emissions (kt of CO2 equivalent),EN.ATM.METH.KT.CE,El Salvador,SLV,3218.781,3286.866,3352.588,3286.589,3397.091,3246.315,3566.516,3468.832,3368.836,3566.157,3261.56,3583.714,3785.902,3772.823,3861.204,3939.785,4062.162,4127.932,4198.775,4131.29,3996.41,3688.099,3856.624,3511.467,3724.439,3692.574,3575.205,3535.325,3500.146,3479.285
Methane emissions (kt of CO2 equivalent),EN.ATM.METH.KT.CE,Equatorial Guinea,GNQ,97.389,232.8,1158.919,1266.338,1356.412,1471.938,1706.772,2768.166,3623.312,4004.411,4574.163,5886.842,5436.426,6321.957,7360.781,7680.393,7604.326,7518.89,7197.546,6295.829,6437.553,5729.829,5606.256,5299.127,8127.892,7421.091,6889.461,6293.247,6170.02,5665.305
Methane emissions (kt of CO2 equivalent),EN.ATM.METH.KT.CE,Eritrea,ERI,2464.26,2477.677,2703.02,2308.622,2367.43,2405.693,2701.604,3056.253,3138.701,3225.657,3266.993,3087.162,3075.455,3173.868,3184.711,3238.254,3141.485,3352.622,3375.745,3392.147,3312.97,3456.637,3481.617,3520.131,3542.018,3565.493,3614.59,3625.98,3651.965,3680.185
Methane emissions (kt of CO2 equivalent),EN.ATM.METH.KT.CE,Estonia,EST,2300,2274.684,2311.073,2085.491,1792.829,1727.45,1668.875,1628.39,1565.196,1520.104,1464.445,1445.769,1440.712,1399.152,1414.636,1352.109,1342.674,1330.418,1309.717,1271.64,1288.151,1227.805,1229.159,1204.324,1190.896,1181.496,1101.315,1114.694,1112.839,1105.884
Methane emissions (kt of CO2 equivalent),EN.ATM.METH.KT.CE,Eswatini,SWZ,1172.381,1206.299,1237.961,1123.825,1151.303,1175.492,1214.658,1238.978,1256.269,1261.98,1287.525,1228.324,1265.936,1326.785,1339.585,1364.576,1291.993,1300.54,1267.771,1226.6,1243.969,1247.496,1260.418,1264.029,1269.849,1256.278,1258.69,1282.097,1294.349,1326.684
Methane emissions (kt of CO2 equivalent),EN.ATM.METH.KT.CE,Ethiopia,ETH,41513.19,41881.86,43001.98,39208.68,39767.33,40087.02,41780.39,43221.54,46667.73,46443.2,44480.12,46573.76,52126.48,51028.39,51933.33,54110.7,57196.69,62920.61,65499.6,68245.25,71260.77,70286.04,72738.22,74936.19,77314.75,78964.72,81108.55,82864.31,83136.82,84142.65
Methane emissions (kt of CO2 equivalent),EN.ATM.METH.KT.CE,Faroe Islands,FRO,..,..,..,..,..,..,..,..,..,..,..,..,..,..,..,..,..,..,..,..,..,..,..,..,..,..,..,..,..,..
Methane emissions (kt of CO2 equivalent),EN.ATM.METH.KT.CE,Fiji,FJI,682.906,701.569,712.535,759.791,790.208,822.91,816.808,814.56,805.028,784.835,787.78,801.955,770.643,762.283,768.165,766.038,765.227,773.56,771.671,767.33,761.131,760.318,760.975,766.704,364.971,369.736,372.207,401.324,406.023,448.462
Methane emissions (kt of CO2 equivalent),EN.ATM.METH.KT.CE,Finland,FIN,8545.808,8459.067,8400.71,8373.538,8295.797,8077.481,7973.011,7862.838,7617.047,7420.719,7094.041,6932.962,6676.112,6442.941,6208.269,5920.49,6007.324,5821.541,5698.671,5583.259,5677.99,5478.673,5471.324,5342.029,5210.776,5125.089,5024.849,4902.844,4745.918,4639.746
Methane emissions (kt of CO2 equivalent),EN.ATM.METH.KT.CE,France,FRA,70705.43,70623.52,70082.58,70219.18,70227.11,70738.54,71272.28,70461.06,70695.58,70813.14,73109.36,73400.2,72092.75,70953.78,70265.12,69562.77,68876.47,69076.83,69214.79,68004.15,67929.07,65516.89,64937.9,64847.46,63688.31,63114.93,62201.51,61304.61,60562.58,59656.45
Methane emissions (kt of CO2 equivalent),EN.ATM.METH.KT.CE,French Polynesia,PYF,..,..,..,..,..,..,..,..,..,..,..,..,..,..,..,..,..,..,..,..,..,..,..,..,..,..,..,..,..,..
Methane emissions (kt of CO2 equivalent),EN.ATM.METH.KT.CE,Gabon,GAB,5806.412,6348.671,6328.008,6519.258,7313.243,7900.547,8261.051,8271.073,8500.659,7813.358,7272.823,7214.985,6821.38,7475.06,7321.79,7093.38,6409.222,6170.603,6423.882,6196.881,6431.155,6318.704,6058.43,5904.642,6044.491,6213.975,6187.815,5697.636,5384.443,5870.834
Methane emissions (kt of CO2 equivalent),EN.ATM.METH.KT.CE,"Gambia, The",GMB,3815.502,3954.341,4066.074,4175.72,3707.714,3222.995,2742.081,2203.189,1722.8,1211.474,739.418,690.696,678.357,744.943,808.706,840.069,874.861,874.554,994.808,1266.524,1353.095,1049.308,1154.247,1218.987,1260.147,1394.177,1271.389,1286.348,1125.035,1300.914
Methane emissions (kt of CO2 equivalent),EN.ATM.METH.KT.CE,Georgia,GEO,13761.13,12516.44,10527.34,9271.859,8074.036,7341.253,7508.408,7454.536,7444.992,7509.522,7580.588,6587.858,6580.179,6927.947,6633.146,6147.069,6080.07,5952.995,5863.038,5787.141,5750.124,5702.854,5770.672,5819.988,5812.941,5512.842,5475.396,5394.629,5268.973,5190.878
Methane emissions (kt of CO2 equivalent),EN.ATM.METH.KT.CE,Germany,DEU,99995.27,97148.32,91702.18,90179.85,88713.2,87706.32,86476.39,83488.38,80005.38,77779.44,75195.58,73493.37,71233.85,69058.47,66408.25,64787.87,62932.51,61371.86,61001.7,59098.24,58064.87,56151.45,55562.82,55308.46,53569.19,52723.41,51821.72,51406.54,49848.21,48713.17
Methane emissions (kt of CO2 equivalent),EN.ATM.METH.KT.CE,Ghana,GHA,5014.883,5240.075,5211.305,5283.018,5462.875,5601.853,5890.86,6456.63,7107.423,6580.915,7132.84,6557.695,6645.263,7099.065,6879.868,7803.648,7615.673,7446.944,7633.038,7570.76,7892.399,8840.302,8581.765,9161.238,9283.083,9714.048,9784.245,10521.53,10591.04,10895.46
Methane emissions (kt of CO2 equivalent),EN.ATM.METH.KT.CE,Gibraltar,GIB,..,..,..,..,..,..,..,..,..,..,..,..,..,..,..,..,..,..,..,..,..,..,..,..,..,..,..,..,..,..
Methane emissions (kt of CO2 equivalent),EN.ATM.METH.KT.CE,Greece,GRC,10829.36,10714.66,10799.77,10895.2,11107.9,11179.92,11394.91,11343.03,11570.57,11491.84,11583.16,10809.62,10861.75,10901.64,11078.33,11072.59,11140.48,11141.08,11034.7,10699.43,10867.23,10722.25,10590.91,10211.71,10090.02,9928.526,9597.213,9656.767,9366.174,9340.749
Methane emissions (kt of CO2 equivalent),EN.ATM.METH.KT.CE,Greenland,GRL,..,..,..,..,..,..,..,..,..,..,..,..,..,..,..,..,..,..,..,..,..,..,..,..,..,..,..,..,..,..
Methane emissions (kt of CO2 equivalent),EN.ATM.METH.KT.CE,Grenada,GRD,1721.385,1733.291,1745.219,1757.164,1769.125,1781.088,1795.176,1809.277,1823.382,1837.56,1851.478,1862.363,1873.21,1884.132,1894.944,1905.754,1915.32,1924.919,1934.672,1944.276,1953.469,1962.951,1972.456,1981.805,1991.265,2000.694,2009.962,2019.185,2028.415,2037.643
Methane emissions (kt of CO2 equivalent),EN.ATM.METH.KT.CE,Guam,GUM,..,..,..,..,..,..,..,..,..,..,..,..,..,..,..,..,..,..,..,..,..,..,..,..,..,..,..,..,..,..
Methane emissions (kt of CO2 equivalent),EN.ATM.METH.KT.CE,Guatemala,GTM,4978.06,5085.789,5367.143,5598.369,5478.541,5528.779,5552.118,5648.571,5683.836,6058.202,6103.13,6296.133,6764.498,6645.531,6796.021,7148.046,7186.92,7631.969,7866.758,8246.672,8533.994,8571.743,8748.899,8910.97,9194.321,9417.483,9738.576,9989.134,10158.71,10390.18
Methane emissions (kt of CO2 equivalent),EN.ATM.METH.KT.CE,Guinea,GIN,4792.97,5000.455,5221.357,5454.595,5715.015,5978.782,5749.151,5934.658,6444.923,6369.43,6745.959,7108.062,7708.094,7827.109,7904.992,8657.391,8858.975,9098.483,9415.719,9772.942,11569.6,12271.79,13040.72,13329.03,13644.47,13819.22,15078.78,15259,15393.9,16253.49
Methane emissions (kt of CO2 equivalent),EN.ATM.METH.KT.CE,Guinea-Bissau,GNB,743.055,747.666,769.16,781.756,796.838,817.314,781.616,763.795,766.282,827.569,839.676,972.113,992.462,993.043,949.087,936.034,1017.805,1030.869,1004.357,1066.426,1115.747,1101.365,1197.823,1195.539,1141.259,1212.989,1220.226,1227.777,1278.174,1294.065
Methane emissions (kt of CO2 equivalent),EN.ATM.METH.KT.CE,Guyana,GUY,830.181,991.556,1048.865,1176.521,1159.761,1356.27,1359.632,1397.149,1301.218,1402.355,1196.353,1249.345,1127.738,1304.64,1201.125,1126.073,1089.536,1114.302,1205.995,1249.693,1298.756,1363.139,1396.656,1543.279,1683.022,1744.574,1431.47,1583.55,1539.861,1812.366
Methane emissions (kt of CO2 equivalent),EN.ATM.METH.KT.CE,Haiti,HTI,3330.955,3501.848,3880.748,3771.621,3770.197,3817.307,3877.439,4031.776,4080.533,4137.858,4387.488,4431.639,4482.767,4527.673,4546.716,4597.129,4623.007,4686.79,4715.423,4777.195,4830.883,4890.294,4932.265,4963.366,4983.03,5053.849,5179.447,5218.224,5238.09,5281.493
Methane emissions (kt of CO2 equivalent),EN.ATM.METH.KT.CE,Honduras,HND,7019.51,7071.589,7102.764,6771.428,7153.235,6986.383,6681.085,6344.46,5890.47,5115.515,4966.803,5121.595,5528.142,6240.927,6217.667,6490.219,6413.788,6523.676,6664.422,6931.321,7019.004,7129.789,7181.726,7310.559,7444.921,7470.733,7570.833,7422.27,7667.935,7666.234
Methane emissions (kt of CO2 equivalent),EN.ATM.METH.KT.CE,"Hong Kong SAR, China",HKG,..,..,..,..,..,..,..,..,..,..,..,..,..,..,..,..,..,..,..,..,..,..,..,..,..,..,..,..,..,..
Methane emissions (kt of CO2 equivalent),EN.ATM.METH.KT.CE,Hungary,HUN,11637.55,11571.9,10433.86,9862.256,9421.586,8802.819,8973.727,8849.909,8712.365,8783.983,8772.568,8660.056,8729.389,8869.684,8453.117,8383.756,8245.205,8139.176,8038.277,8018.512,7975.229,7800.895,7664.292,7481.373,7314.138,7241.889,7227.973,7158.212,7060.855,6995.714
Methane emissions (kt of CO2 equivalent),EN.ATM.METH.KT.CE,Iceland,ISL,510.506,513.428,520.575,531.085,544.631,550.599,560,566,575,580,575.3,581.112,576.716,574.625,577.319,569.112,612.942,614.163,605.798,599.918,602.18,574.133,540.187,544.352,558.73,561.156,548.645,541.942,535.58,527.47
Methane emissions (kt of CO2 equivalent),EN.ATM.METH.KT.CE,India,IND,509157.8,514712.9,516180.9,520170.5,523830,533152.8,542677,550790.1,559465.3,566984.8,571714.5,574161.4,566903.3,574060.8,580468,593388.8,601727.5,613551.8,620822.2,617535.3,623368.2,629585.1,628102.1,632016.7,634938.4,638817.3,643008.1,647382.6,654321.2,656654.7
Methane emissions (kt of CO2 equivalent),EN.ATM.METH.KT.CE,Indonesia,IDN,267900.3,273260.6,282757,285568,290245.2,297785.1,303998.1,306944.6,311789.4,316133.3,319791.7,311880.9,307280.5,300195.2,296484.1,290499.5,288017.4,281542.2,276289.3,273762.1,270496.9,268547.5,264495.6,264883.1,270911.6,271361.6,273526.7,278409.4,279692.1,280954
Methane emissions (kt of CO2 equivalent),EN.ATM.METH.KT.CE,"Iran, Islamic Rep.",IRN,107923.9,114811.1,120032.6,126301.4,127914,131344.3,135535.2,139014.2,140113.9,143856.4,152389.4,152634.3,150722.9,165974.7,173191,177945.9,184815.2,191405.7,190849.8,193984.2,198201.7,200948.8,192289.4,188199.7,195191.7,200594.7,227821.9,239499.8,239791.8,213683.1
Methane emissions (kt of CO2 equivalent),EN.ATM.METH.KT.CE,Iraq,IRQ,51780.94,14391.43,17856.73,21962.83,25548.32,26095.67,25831.11,39050.71,57067.46,66021.08,68178.48,64809.44,57245.13,44260.77,58258.98,55802.16,58507.74,61308.21,67880.65,72038.81,73574.94,81747.46,91301.16,94424.73,99789.55,113169.4,126144.5,127948.2,130224,134690.3
Methane emissions (kt of CO2 equivalent),EN.ATM.METH.KT.CE,Ireland,IRL,15465.66,15729.88,15775.9,15912.21,15941.95,16001.65,15983.15,15989.58,16430.09,16484.34,16971.12,17058.13,16965.14,17536.84,16597.91,16121.21,16090.37,15432.99,15197.44,14913.48,14415.93,14425.45,14873.47,15269.12,15618.92,15897.86,16528.97,16802.98,15429.35,15462.39
Methane emissions (kt of CO2 equivalent),EN.ATM.METH.KT.CE,Isle of Man,IMN,..,..,..,..,..,..,..,..,..,..,..,..,..,..,..,..,..,..,..,..,..,..,..,..,..,..,..,..,..,..
Methane emissions (kt of CO2 equivalent),EN.ATM.METH.KT.CE,Israel,ISR,8336.326,8600.031,8888.092,9173.412,9473.79,9757.261,10070.59,10138.65,10216.86,10301.43,10380.21,9004.402,7609.786,6253.875,6794.6,7359.11,7695.643,7796.803,7863.003,7909.588,7880.945,8069.489,8058.465,8505.657,8742.598,8988.327,9223.551,9427.08,9602.436,9742.194
Methane emissions (kt of CO2 equivalent),EN.ATM.METH.KT.CE,Italy,ITA,48735.39,47783.1,47865.12,47612.19,48077.64,48330.27,49191.11,49679.09,49424.65,49651.22,50870.32,49368.45,50181.38,50205.37,49496.82,49762.61,49212.41,49273.98,49345.19,48735.64,48991.83,46580.92,47266.99,45127.45,44073.25,44846.09,44723.67,44849.51,44582.58,44352.9
Methane emissions (kt of CO2 equivalent),EN.ATM.METH.KT.CE,Jamaica,JAM,1034.265,1080.076,1146.076,1151.809,1128.06,1149.193,1113.509,1091.2,1094.013,1101.954,1106.513,1108.528,1112.023,1158.229,1097.984,1072.104,858.759,823.704,816.791,805.256,813.163,824.762,831.487,831.879,830.561,820.355,803.781,792.857,788.911,785.192
Methane emissions (kt of CO2 equivalent),EN.ATM.METH.KT.CE,Japan,JPN,37467.35,37479.66,37922.57,37958.77,38291.03,37427.38,36497.54,35894,34666.21,34403.08,33956.97,33008.73,32850.03,32647.5,32469.15,32094.28,31964.68,31893,31205.44,30548.17,30523.78,30587.16,30495.07,30218.11,29658.09,28851.06,28546.86,28385.11,27919.62,27382.26
Methane emissions (kt of CO2 equivalent),EN.ATM.METH.KT.CE,Jordan,JOR,8197.923,8679.658,9198.498,9631.165,9982.583,8950.746,7872.317,6791.148,5693.176,4671.919,3575.125,3653.974,3754.393,3851.358,4067.532,4216.976,4383.363,4627.105,4880.643,4979.249,4988.332,4981.524,5107.252,5309.68,5444.52,5796.703,6241.703,6390.301,6558.555,6711.203
Methane emissions (kt of CO2 equivalent),EN.ATM.METH.KT.CE,Kazakhstan,KAZ,40689.93,40600,37000,37057.84,36955.83,34284.33,31931.54,31072.7,29519.87,28374.59,29855.73,30830.25,39284.83,37716.11,41110.72,43310.72,45140.93,44556.61,46971.19,47076.92,48586.02,48684.57,47580.69,47312.32,48184.62,47347.23,45948.2,50649.51,49513.78,48894.85
Methane emissions (kt of CO2 equivalent),EN.ATM.METH.KT.CE,Kenya,KEN,18443.54,17759.34,17702.17,17654.76,17751.47,17711.12,16765.49,16792.82,17140.14,18242.26,16910.06,16926.47,17689.16,18830.05,20049.73,19571.4,19176.29,29868.23,30330.04,29177.5,29373.84,30129.2,29960.04,29490.61,29950.48,30439.35,32959.67,30856.95,32037.45,36839.52
Methane emissions (kt of CO2 equivalent),EN.ATM.METH.KT.CE,Kiribati,KIR,13.5,13.6,13.9,14.1,14.3,14.5,14.898,15.095,15.291,15.487,16.094,16.441,17.136,17.354,17.651,17.949,18.267,18.607,18.9,19.188,19.621,19.928,20.414,20.716,21.2,21.569,21.843,22.167,22.514,22.861
Methane emissions (kt of CO2 equivalent),EN.ATM.METH.KT.CE,"Korea, Dem. People's Rep.",PRK,26626.98,25125.83,23784.7,22431.47,21097.32,19673.36,18031.35,16798.61,15520.33,14403.18,13034.94,13389.2,13586.36,13732.31,13848.04,14019.64,14600.19,15096.22,15647.7,16149.52,16706.45,16872.77,17105.81,17149.89,17274.25,17208.87,17348.24,17940.18,17952.6,18080.56
Methane emissions (kt of CO2 equivalent),EN.ATM.METH.KT.CE,"Korea, Rep.",KOR,24354.61,24554.19,24656.46,24805.04,25116.75,25278.42,25938.34,26265.49,24599.71,24368.51,24590.47,25100.38,24915.95,24889.82,23931.85,24093.69,24118.93,23713.59,23695.36,24029.08,24274.1,23915.55,23956.91,23779.01,23458.66,23224.9,22919.3,22831.62,22841.49,22701.43
Methane emissions (kt of CO2 equivalent),EN.ATM.METH.KT.CE,Kosovo,XKX,..,..,..,..,..,..,..,..,..,..,..,..,..,..,..,..,..,..,..,..,..,..,..,..,..,..,..,..,..,..
Methane emissions (kt of CO2 equivalent),EN.ATM.METH.KT.CE,Kuwait,KWT,9517.589,2409.024,8520.897,14943.59,16551.58,16686.7,16985.25,17543.78,17110.92,15894.17,17295.97,16893.4,16154.95,18589.27,19795.03,20857.46,21389.15,20676.85,21745.87,19590.77,20143.22,22049.5,23363.93,24326.26,24147.75,24322.67,25863.45,24381.94,24777.36,24708.31
Methane emissions (kt of CO2 equivalent),EN.ATM.METH.KT.CE,Kyrgyz Republic,KGZ,7317.019,7530.864,6757.923,5810.213,4439.87,3968.37,3727.663,3703.113,3536.485,3374.495,3422.58,3491.44,3549.588,3422.95,3604.585,3507.003,3548.877,3596.042,3669.419,3853.799,3886.821,3979.43,4068.829,4173.895,4359.559,4374.548,4482.122,4582.351,4717.042,4796.898
Methane emissions (kt of CO2 equivalent),EN.ATM.METH.KT.CE,Lao PDR,LAO,4822.025,4682.909,4851.664,4845.11,5102.688,5071.919,5052.471,5215.864,4874.669,4806.872,5377.125,5559.007,5661.531,5793.55,6019.499,5914.034,5957.93,6198.931,6368.258,6594.099,6952.531,6716.324,7258.95,7244.114,7395.763,7585.251,7854.025,7823.994,7609.86,7563.928
Methane emissions (kt of CO2 equivalent),EN.ATM.METH.KT.CE,Latvia,LVA,4064.411,4070.724,4604.853,3992.432,2911.703,2639.989,2600.272,2494.365,2406.973,2294.876,2170.767,2199.824,2238.869,2176.444,2127.144,2151.473,2145.036,2144.945,2161.683,2105.33,2056.041,2003.857,2055.573,2065.799,2123.015,2043.624,2053.545,2047.663,2000.533,1980.158
Methane emissions (kt of CO2 equivalent),EN.ATM.METH.KT.CE,Lebanon,LBN,1229.06,1275.128,1305.175,1340.882,1362.709,1509.992,1678.124,1825.611,1975.561,2127.158,2262.148,2307.19,2361.412,2412.122,2457.222,2510.715,2561.707,2589.97,2663.183,2721.841,2773.671,2850.947,2924.866,2981.137,3052.283,3103.936,3180.932,3264.163,3335.341,3413.832
Methane emissions (kt of CO2 equivalent),EN.ATM.METH.KT.CE,Lesotho,LSO,995.744,1003.609,1104.969,1077.811,1049.904,1010.179,977.195,950.641,898.982,1224.563,1174.112,1162.935,1056.355,1091.44,1047.645,1144.587,1095.014,1123.51,1091.971,1098.49,1087.099,1112.309,1115.082,1047.177,1031.995,1018.38,1000.766,1089.117,1067.746,1043.842
Methane emissions (kt of CO2 equivalent),EN.ATM.METH.KT.CE,Liberia,LBR,218.193,194.046,196.697,176.495,171.776,173.679,169.044,190.35,200.93,199.735,198.818,196.611,195.355,207.988,207.609,203.725,225.077,242.148,254.988,383.251,295.511,301.11,306.32,299.684,333.806,397.338,348.001,334.216,335.266,374.379
Methane emissions (kt of CO2 equivalent),EN.ATM.METH.KT.CE,Libya,LBY,57507.5,62075.95,56199.58,59221.41,65584.06,68877.52,69879.67,65388.88,65397.6,60702.31,64035.8,60478.02,58216.06,63536.46,68639.26,73970.69,76071.84,75940.46,76771.61,70358.19,74212.35,29853.95,70807.09,51805.23,34529.59,33717.89,33829.37,51332.86,58796.08,63353.25
Methane emissions (kt of CO2 equivalent),EN.ATM.METH.KT.CE,Liechtenstein,LIE,1.939,1.992,2.031,2.062,2.087,2.117,2.417,2.184,2.249,2.3,2.579,2.386,2.678,2.734,2.786,2.829,2.791,2.795,3.09,2.765,2.795,2.77,2.78,2.83,2.57,2.61,2.565,2.571,2.577,2.582
Methane emissions (kt of CO2 equivalent),EN.ATM.METH.KT.CE,Lithuania,LTU,7124.097,7052.375,7348.39,6292.051,5592.052,5179.035,5013.724,5005.105,4865.514,4601.102,4420.188,4163.274,4200.563,4256.936,4300.787,4264.26,4224.158,4226.26,4065.65,3932.31,3878.994,3716.273,3688.271,3575.941,3479.471,3448.057,3353.888,3266.362,3118.157,3033.096
Methane emissions (kt of CO2 equivalent),EN.ATM.METH.KT.CE,Luxembourg,LUX,602.335,611.913,610.975,607.356,596.994,603.576,604.035,598.081,593.729,614.988,592.317,593.778,594.277,582.87,578.45,573.286,567.868,577.032,580.783,579.925,578.65,558.985,550.972,557.293,562.749,562.824,563.591,570.952,559.942,558.713
Methane emissions (kt of CO2 equivalent),EN.ATM.METH.KT.CE,"Macao SAR, China",MAC,..,..,..,..,..,..,..,..,..,..,..,..,..,..,..,..,..,..,..,..,..,..,..,..,..,..,..,..,..,..
Methane emissions (kt of CO2 equivalent),EN.ATM.METH.KT.CE,Madagascar,MDG,16563.88,16503.54,16709.73,17000.55,16548.63,16758.38,16768.19,16754.77,17201.36,17035.18,16811.18,15929.02,14912.34,15917.52,15362.03,17346.98,16893.31,17648.95,17146.33,17546.79,17578.81,16995.87,17461.22,16068.54,16173.5,15833.42,16541.97,15694.9,15997.33,15951.44
Methane emissions (kt of CO2 equivalent),EN.ATM.METH.KT.CE,Malawi,MWI,1349.568,1341.323,1334.51,1348.808,1257.645,1279.502,1320.978,1308.849,1443.176,1438.865,1532.991,1531.051,1584.185,1673.06,1647.805,1732.802,1772.086,1913.984,2092.248,2158.281,2381.265,2487.293,2647.45,2766.215,2899.708,3096.108,3273.4,3377.098,3766.196,3952.437
Methane emissions (kt of CO2 equivalent),EN.ATM.METH.KT.CE,Malaysia,MYS,18556,19194.47,19429.68,20083.04,21051.13,21694.19,22647,23713.52,23773.01,23966.84,24821.61,25097.63,25854.82,26889.31,28316.29,29197.19,29641.29,30732.3,31779.24,31523.36,31789.48,31961.02,32762.96,34551.43,35467.64,36253.02,36240.99,35987.45,36479.32,36807.33
Methane emissions (kt of CO2 equivalent),EN.ATM.METH.KT.CE,Maldives,MDV,42.617,44.242,45.866,47.491,49.116,50.741,52.463,54.187,55.909,57.631,59.353,61.6,63.846,66.093,68.339,70.586,74.442,78.298,82.154,86.01,89.866,94.782,99.697,104.612,109.527,114.442,119.087,123.732,128.376,133.021
Methane emissions (kt of CO2 equivalent),EN.ATM.METH.KT.CE,Mali,MLI,8831.159,8795.984,8807.447,8920.745,9093.605,9328.045,9826.985,9963.485,10528.23,11242.46,12015.21,11920.68,12156.33,12691,13820.65,14366.7,14307.29,14921,15695.37,15819.42,17016.5,17321.38,17718.42,18307.01,18514.12,19139.51,20955.22,21430.03,22197.32,22961.69
Methane emissions (kt of CO2 equivalent),EN.ATM.METH.KT.CE,Malta,MLT,154,161,175,182,186,185,188,198,198,211,217,223,230,238,242,256,264,270,192.277,198.343,215.218,195.683,197.241,187.021,200.392,206.532,217.805,217.275,218.093,220.288
Methane emissions (kt of CO2 equivalent),EN.ATM.METH.KT.CE,Marshall Islands,MHL,24.528,25.236,25.943,26.651,27.358,28.066,28.417,28.768,29.119,29.47,29.822,29.968,30.114,30.261,30.407,30.553,30.629,30.705,30.781,30.858,30.934,31.052,31.17,31.289,31.407,31.526,31.603,31.68,31.757,31.834
Methane emissions (kt of CO2 equivalent),EN.ATM.METH.KT.CE,Mauritania,MRT,3987.331,4119.831,4023.707,4153.534,4064.056,4077.408,4331.4,4550.008,4749.825,5040.603,5255.415,5316.195,5376.312,5486.979,5417.833,5497.938,5816.985,5634.57,5155.807,5473.53,5714.454,5767.255,5932.865,6078.221,6292.229,6387.889,6610.534,6636.316,6845.044,7005.431
Methane emissions (kt of CO2 equivalent),EN.ATM.METH.KT.CE,Mauritius,MUS,901.756,906.707,917.733,927.682,936.873,949.389,1040.508,1131.351,1225.54,1319.049,1413.44,1537.698,1464.263,1510.735,1519.843,1511.675,1592.17,1619.721,1647.42,1673.787,1702.581,1733.643,1765.563,1795.953,1826.533,1858.736,1881.434,1903.873,1927.781,1951.975
Methane emissions (kt of CO2 equivalent),EN.ATM.METH.KT.CE,Mexico,MEX,92537.45,93798.08,93273.18,100791,101562.7,101485.9,102246.3,104873.6,105759.6,104596.9,107597,108146.9,111001.5,115111.2,116207.7,117650.5,120814.8,121778.1,123170.1,123534.4,125168.1,127938.6,127462.3,121283.8,129870.9,137466.6,137737.2,136024.1,137679,138801.4
Methane emissions (kt of CO2 equivalent),EN.ATM.METH.KT.CE,"Micronesia, Fed. Sts.",FSM,2.686,2.77,2.85,2.92,3,40.9,40.997,41.074,41.105,41.174,41.238,41.318,41.359,41.462,41.5,41.576,41.577,42.181,42.202,44.033,44.044,46.621,46.666,47.995,48.202,48.959,50.112,50.953,51.797,52.576
Methane emissions (kt of CO2 equivalent),EN.ATM.METH.KT.CE,Moldova,MDA,5500.249,5525.926,5170.891,4755.847,4997.79,4913.284,4926.838,4404.245,4031.259,4031.163,3861.805,3608.695,3652.255,3701.995,3632.94,3550.5,3437.933,3492.928,3322.558,3244.385,3411.61,3449.046,3435.97,3428.354,3466.287,3469.671,3457.116,3490.836,3447.334,3342.599
Methane emissions (kt of CO2 equivalent),EN.ATM.METH.KT.CE,Monaco,MCO,..,..,..,..,..,..,..,..,..,..,..,..,..,..,..,..,..,..,..,..,..,..,..,..,..,..,..,..,..,..
Methane emissions (kt of CO2 equivalent),EN.ATM.METH.KT.CE,Mongolia,MNG,8705.998,8995.138,8732.813,8605.48,8447.688,9110.623,9639.445,10186.4,10473.78,10923.66,11103.71,9493.272,7702.023,7750.047,7408.673,8227.329,9161.577,10484.68,10668.08,10999.47,8937.235,10260.58,11515.27,12402.95,14166.28,15746.57,16785.34,17705.46,17632.39,18792.31
Methane emissions (kt of CO2 equivalent),EN.ATM.METH.KT.CE,Montenegro,MNE,953.627,933.025,825.296,823.957,808.312,839.818,840.209,835.007,827.817,790.602,725.297,703.221,695.115,691.029,689.301,698.082,729.863,758.55,784.362,817.6,847.664,814.192,824.527,813.487,817.974,825.949,817.275,812.785,795.123,783.649
Methane emissions (kt of CO2 equivalent),EN.ATM.METH.KT.CE,Morocco,MAR,8919.971,8772.491,8632.534,7871.107,8152.048,8190.986,8523.934,8914.058,8895.678,9215.214,9537.63,9553.042,9538.938,9691.197,10197.86,10230.51,10364.56,10296.37,10375.16,10381.5,10611.15,11011.35,11101.53,11292.21,11482.16,11545.46,11673.01,11773.52,11965.49,12159.62
Methane emissions (kt of CO2 equivalent),EN.ATM.METH.KT.CE,Mozambique,MOZ,9257.175,9643.534,10058.61,10485.48,10888.93,10980.9,10918.7,10296.7,11619.25,11266.4,10857.24,11616.24,12694.93,12857.97,12950.85,14291.81,13781.41,13623.91,14281.57,13051.44,13969.23,14051.1,15177.29,15958.84,16161.17,15682.42,15353.01,16030.84,18500.49,17539.44
Methane emissions (kt of CO2 equivalent),EN.ATM.METH.KT.CE,Myanmar,MMR,40492.01,39931.78,42190.83,44077.5,45375.12,46966.12,46416.26,45316.33,46036.27,49512.41,50350.43,51335.28,51849.3,53146.83,55131.73,57783.93,61090.52,62474.01,63308.82,64168.24,65148.68,63279.13,63285.8,64070.43,65076.11,66530.76,67617.98,69766.9,72155.08,73046.18
Methane emissions (kt of CO2 equivalent),EN.ATM.METH.KT.CE,Namibia,NAM,4409.575,4584.318,4500.921,4356.674,4340.132,4324.417,4190.253,4110.467,4431.861,4479.592,4932.843,4722.691,4185.646,4445.313,4606.085,4993.238,5470.183,5122.027,4308.705,5655.147,5302.092,7568.354,8292.949,4831.196,4450.296,4333.826,4689.206,4659.174,4238.977,3790.784
Methane emissions (kt of CO2 equivalent),EN.ATM.METH.KT.CE,Nauru,NRU,3.451,3.55,3.649,3.748,3.81,3.872,3.906,3.941,3.976,4.011,4.046,4.058,4.07,4.082,4.094,4.106,4.113,4.158,4.203,4.21,4.217,4.223,4.229,4.235,4.242,4.248,4.265,4.271,4.278,4.286
Methane emissions (kt of CO2 equivalent),EN.ATM.METH.KT.CE,Nepal,NPL,16310.84,16276.87,15951.16,16522.2,16772.86,17569.5,17834.75,18025.16,18232.26,18477.56,18731.66,18834.04,19112.85,19405.26,19718.1,19978.22,20261.25,20364.7,20995.39,21450.81,21600.08,22026.22,22202.56,22458.19,22630.04,22486.34,22567.51,23165.18,23255.24,23554.56
Methane emissions (kt of CO2 equivalent),EN.ATM.METH.KT.CE,Netherlands,NLD,29711.56,30016.87,29541.6,28919.75,28156.24,27446.25,26804.58,25952.06,25093.26,24188.4,23175.09,22583.23,21581.53,20795.13,20420.18,19017.45,18395.03,18205.86,18327.09,18135.39,17986.23,17481.22,17186.37,17272.99,17274.76,17501.45,17440.75,16593.78,15526.27,15535.54
Methane emissions (kt of CO2 equivalent),EN.ATM.METH.KT.CE,New Caledonia,NCL,..,..,..,..,..,..,..,..,..,..,..,..,..,..,..,..,..,..,..,..,..,..,..,..,..,..,..,..,..,..
Methane emissions (kt of CO2 equivalent),EN.ATM.METH.KT.CE,New Zealand,NZL,32860.68,32452.79,32152.54,32118.43,32901.17,33648.72,33225.86,33545.69,32839.02,33172.73,32619.75,32943.01,33714.47,33874.59,33794.25,33710.14,33888.25,33777.04,33148.99,33467.57,33431.8,33379.64,33869.12,33688.05,33976.86,33098.46,33077.11,32862.59,32712.21,32521.61
Methane emissions (kt of CO2 equivalent),EN.ATM.METH.KT.CE,Nicaragua,NIC,5489.991,4498.506,4945.564,5495.453,5544.716,4907.271,4810.026,5246.411,5166.458,6032.403,6273.823,6314.303,6430.89,6738.095,6532.504,6830.882,6918.391,6935.405,6989.279,7058.813,7214.86,7809.617,8080.289,8469.204,8837.716,9154.738,9118.068,8846.126,9211.602,9423.384
Methane emissions (kt of CO2 equivalent),EN.ATM.METH.KT.CE,Niger,NER,8646.267,8975.402,9295.074,9706.55,10065.39,10436.11,10874.89,11421.64,11833.83,12298.94,12558.72,13089.22,13601.02,14173.6,14769.01,15336.1,15945.22,16699.01,17451.09,18250.86,18088.07,18810.3,19747.15,20989.01,21936.04,22761.29,23839.01,24915.3,26099.16,27258.89
Methane emissions (kt of CO2 equivalent),EN.ATM.METH.KT.CE,Nigeria,NGA,126252.6,132529.6,136778.8,138413.7,140832,137004.2,137648.9,130436.2,120002.2,110924.7,110050.3,111988.8,105612.1,114831.8,117343,119241.1,116963.8,115323.6,114185.9,110615.5,119401.8,122863.9,123813.9,122566.1,124006.7,124038.5,127371.8,131477.4,134239.5,135839.7
Methane emissions (kt of CO2 equivalent),EN.ATM.METH.KT.CE,North Macedonia,MKD,2587.783,2534.698,2367.78,2377.198,2307.073,2337.11,2338.165,2321.578,2273.815,2172.77,2225.408,2178.793,2156.968,2227.993,2272.576,2241.947,2268.775,2280.917,2307.578,2238.184,2285.591,2334.455,2302.712,2310.278,2343.107,2386.707,2412.262,2448.002,2442.714,2348.909
Methane emissions (kt of CO2 equivalent),EN.ATM.METH.KT.CE,Northern Mariana Islands,MNP,..,..,..,..,..,..,..,..,..,..,..,..,..,..,..,..,..,..,..,..,..,..,..,..,..,..,..,..,..,..
Methane emissions (kt of CO2 equivalent),EN.ATM.METH.KT.CE,Norway,NOR,5794.603,5860.116,5945.569,5959.54,6091.802,6151.812,6242.567,6227.206,6064.92,5907.362,5934.862,5858.379,5761.535,5757.45,5676.247,5516.409,5430.156,5273.392,5196.984,5174.039,5121.846,5014.493,4948.24,4831.157,4748.456,4762.401,4761.131,4719.461,4607.531,4543.709
Methane emissions (kt of CO2 equivalent),EN.ATM.METH.KT.CE,Oman,OMN,7189.813,7450.636,7998.723,9094.949,9933.023,10547.05,10880.43,11440.65,11099.68,11507.28,12622.93,13507.42,13324.47,13527.18,13218.1,13508.03,13651.46,13350.83,13721.57,14251.19,14952.45,15612.87,16677.07,17878.87,17893.99,18379.82,19366.76,18998.06,20186.34,20242.93
Methane emissions (kt of CO2 equivalent),EN.ATM.METH.KT.CE,Pakistan,PAK,72877.19,74565,75819.32,77953.6,79138.68,81062.58,84739.66,86584.19,88891.34,91816.38,93455.23,94857.9,97455.29,102174.7,105409.9,108630.3,115494.5,118850.9,123098.9,126246.6,125457.6,131574.2,134238.2,139555.4,143396.1,146047.6,149347.5,153177.5,157678.8,162760.7
Methane emissions (kt of CO2 equivalent),EN.ATM.METH.KT.CE,Palau,PLW,12.622,12.904,13.186,13.468,13.75,14.032,14.38,14.729,15.077,15.425,15.774,16.062,16.351,16.64,16.929,17.217,17.363,17.509,17.655,17.801,17.947,18.076,18.206,18.336,18.465,18.595,18.781,18.968,19.154,19.34
Methane emissions (kt of CO2 equivalent),EN.ATM.METH.KT.CE,Panama,PAN,4014.969,4080.313,4172.127,4237.631,4314.538,4201.113,4067.899,3832.433,3760.228,3622.994,3433.595,3756.357,3818.122,3844.647,3857.12,3986.682,4064.846,4074.049,4256.485,4361.209,4443.45,4642.653,4718.033,4793.739,4732.659,4696.36,4787.971,4818.006,4951.285,4958.219
Methane emissions (kt of CO2 equivalent),EN.ATM.METH.KT.CE,Papua New Guinea,PNG,2877.641,3865.951,4890.63,5914.86,6940.852,7963.819,7725.732,7620.056,7355.182,7162.428,6952.502,6826.728,6737.773,6561.542,6454.939,6129.053,6198.653,6134.471,6145.571,6173.599,6200.206,7085.994,8005.197,8884.077,9840.93,10794.72,10723.53,10779.34,10903.54,10864.6
Methane emissions (kt of CO2 equivalent),EN.ATM.METH.KT.CE,Paraguay,PRY,17578.87,16724.49,17177.29,18361.55,19290.07,20430.4,20110.12,20316.97,20485.34,20686.32,20354.55,21451.16,20797.84,22271.61,21122.66,21909.48,22076.65,23284.33,22830.74,24413.87,25494.78,25988.23,27193.81,27685.03,29059.85,28795.53,28717.66,29387.18,28326.69,29173.47
Methane emissions (kt of CO2 equivalent),EN.ATM.METH.KT.CE,Peru,PER,17309.71,17003.89,16953.74,17056.7,18120.6,19525.91,20613.91,21486.84,22932.31,24715.86,25607.3,25738.96,26164.04,26438.99,26359.49,27512.55,27476.34,27916.47,28547.45,29255.43,30013.22,30789.67,31150.46,31341.26,31722.44,31727.58,32166.02,31979.22,32261.49,32513.47
Methane emissions (kt of CO2 equivalent),EN.ATM.METH.KT.CE,Philippines,PHL,45335.49,46246.91,44491.76,45639.15,48924.25,50390.87,52475.69,52200.18,46924.7,54109.67,54712.03,55260.94,55909.7,56101.06,57388.49,57252.87,58092.26,59564.23,61272.7,62320.39,60892.86,62128.32,63337.12,63950.23,64149.33,63672.74,63255.4,65576.71,65786.84,64734.87
Methane emissions (kt of CO2 equivalent),EN.ATM.METH.KT.CE,Poland,POL,45340.17,43596.4,41843.54,41170.93,40038.31,39063.16,38298.88,38089.45,36634.41,35745.16,34390.26,33588.86,33373.71,33305.59,32681.31,32981.36,33392.76,33087.37,32744.92,32423.38,32967.64,31886.37,31392.94,31115.09,30393.31,29988.33,29169.73,29533.17,29402.93,28999.49
Methane emissions (kt of CO2 equivalent),EN.ATM.METH.KT.CE,Portugal,PRT,11087.7,11193.48,11294.65,11269.02,11686.12,11900.41,12034.98,12231.22,12492.12,12582.47,12601.79,12403.88,12654.5,12954.74,13096.53,12715.71,12549.18,12426.87,11985.86,11816.22,11628.38,11920.77,11681.9,11477.79,11456.32,11489.68,11435.03,11570.17,11333.69,11349.33
Methane emissions (kt of CO2 equivalent),EN.ATM.METH.KT.CE,Puerto Rico,PRI,..,..,..,..,..,..,..,..,..,..,..,..,..,..,..,..,..,..,..,..,..,..,..,..,..,..,..,..,..,..
Methane emissions (kt of CO2 equivalent),EN.ATM.METH.KT.CE,Qatar,QAT,2714.252,3311.881,3202.623,4047.865,4631.929,4782.276,5372.65,7565.579,7769.455,8217.272,9145.318,8697.949,8679.656,9952.582,10905.99,10859.08,11676.42,12872.57,14163.64,14834.63,17229.22,19225.58,20653.24,21399.26,20865.99,20864.97,21227.42,21250.1,21477.19,21453.13
Methane emissions (kt of CO2 equivalent),EN.ATM.METH.KT.CE,Romania,ROU,30514.39,27412.79,24765.86,22546.21,22322.05,21646.43,21933.7,21417.53,20509.57,20075.94,19614.26,18903.38,18759.02,19281.97,19380.19,19332.52,19290.57,19283.41,19218.83,18708.87,18358.09,16488.7,17041.55,17206.82,17289.47,17311.67,17174.79,17186.17,16937.78,16761.1
Methane emissions (kt of CO2 equivalent),EN.ATM.METH.KT.CE,Russian Federation,RUS,693137.8,663740.6,629191.8,603807.7,577732.1,555602.1,540354.6,514738,512066.3,516945,523313.9,532330.2,539624,572651.6,574664.9,589202.2,586439.2,593123,592685.2,573746.7,596301.9,604903.4,601708.2,603577.1,604069.6,610556.4,626077.2,641588.9,669874,684295.7
Methane emissions (kt of CO2 equivalent),EN.ATM.METH.KT.CE,Rwanda,RWA,866.495,888.191,855.254,815.373,770.381,642.857,715.064,769.523,859.777,970.918,962.372,1047.803,1092.081,1221.147,1277.002,1312.953,1457.754,1544.633,1650.259,1686.453,1808.424,1681.849,1660.619,1673.729,1664.351,1915.476,1790.563,1795.746,1858.742,1879.176
Methane emissions (kt of CO2 equivalent),EN.ATM.METH.KT.CE,Samoa,WSM,207.249,207.735,204.978,208.491,239.921,237.276,238.006,238.735,241.165,242.244,244.291,256.441,257.166,259.469,261.774,262.489,263.223,257.326,255.615,261.213,270.239,276.053,278.39,282.689,290.728,300.25,305.62,301.879,307.102,311.293
Methane emissions (kt of CO2 equivalent),EN.ATM.METH.KT.CE,San Marino,SMR,..,..,..,..,..,..,..,..,..,..,..,..,..,..,..,..,..,..,..,..,..,..,..,..,..,..,..,..,..,..
Methane emissions (kt of CO2 equivalent),EN.ATM.METH.KT.CE,Sao Tome and Principe,STP,7.725,7.92,8.127,8.199,8.361,8.521,8.692,8.833,8.912,9.066,9.312,9.55,9.945,10.307,9.777,9.583,9.236,9.37,9.233,9.405,9.221,9.181,9.473,9.866,10.151,10.213,10.617,11.011,11.08,11.347
Methane emissions (kt of CO2 equivalent),EN.ATM.METH.KT.CE,Saudi Arabia,SAU,64041.06,80100.44,82926.67,79276.29,75644.26,76580.98,77811.81,80071.22,80945.72,77765.16,82579.84,80976.5,80469.33,88623.5,89495.86,94144.94,94224.46,92334.73,95591.09,88587.65,91820.36,100453.9,103309.1,102670.2,103434.7,106610.4,111148.1,109743.8,112302,110248.6
Methane emissions (kt of CO2 equivalent),EN.ATM.METH.KT.CE,Senegal,SEN,6571.182,6742.036,6890.645,7077.845,7236.169,7346.471,7670.324,7660.657,7586.057,8050.617,8502.48,8259.526,7924.775,7690.027,8282.103,8545.267,8828.78,8614.007,8991.132,9173.037,9510.499,9726.925,9575.879,9846.828,9852.845,10002.82,10612.9,10853.2,10865.66,11271.81
Methane emissions (kt of CO2 equivalent),EN.ATM.METH.KT.CE,Serbia,SRB,15131.61,14848.18,13723.23,13761.25,13617.07,13931.77,14041.35,14041.45,14043.54,13437.29,12582.04,12204.09,12001.02,11836.37,11703.7,11088.05,11160.43,11280.14,11140.55,10972.31,10847.63,10935.84,11052.54,11111.98,11385.43,11517.64,11449.07,11475.15,11440.86,11537.83
Methane emissions (kt of CO2 equivalent),EN.ATM.METH.KT.CE,Seychelles,SYC,56.506,57.728,58.678,59.708,60.703,61.622,63.722,66.054,68.247,70.469,72.454,73.161,74.613,75.808,76.825,77.907,78.955,80.371,81.372,82.403,83.617,84.655,85.769,87.018,88.192,89.328,90.347,91.427,92.483,93.505
Methane emissions (kt of CO2 equivalent),EN.ATM.METH.KT.CE,Sierra Leone,SLE,2340.976,2315.248,2316.493,2387.048,2339.843,2248.683,1866.599,1880.842,1830.846,1693.447,1645.085,2016.067,2279.772,2692.487,2993.917,3148.934,3851.795,3333.453,3034.452,3236.873,3159.319,3437.27,4019.593,3894.179,4139.82,4050.719,4213.527,4130.392,4006.383,3710.796
Methane emissions (kt of CO2 equivalent),EN.ATM.METH.KT.CE,Singapore,SGP,1282.64,1289.198,1349.731,1413.577,1475.602,1537.603,1579.693,1618.979,1658.042,1700.202,1744.44,1858.369,1965.045,2069.006,2177.907,2284.778,2457.169,2631.804,2806.607,2979.41,3157.561,3299.031,3436.505,3576.677,3716.049,3856.516,3956.741,4059.723,4152.52,4251.616
Methane emissions (kt of CO2 equivalent),EN.ATM.METH.KT.CE,Sint Maarten (Dutch part),SXM,..,..,..,..,..,..,..,..,..,..,..,..,..,..,..,..,..,..,..,..,..,..,..,..,..,..,..,..,..,..
Methane emissions (kt of CO2 equivalent),EN.ATM.METH.KT.CE,Slovak Republic,SVK,7574.577,7368.88,6958.368,6477.549,6076.836,5905.541,5956.944,5813.235,5738.058,5525.42,5208.97,5076.661,5100.863,5000.873,4987.361,4809.816,4627.238,4527.357,4674.368,4427.192,4532.446,4653.715,4151.253,4321.35,4079.633,4190.501,4265.617,4255.189,4254.813,4411.742
Methane emissions (kt of CO2 equivalent),EN.ATM.METH.KT.CE,Slovenia,SVN,2436.329,2398.584,2121.166,2149.287,2123.525,2133.942,2166.809,2132.696,2111.316,2031.925,2156.681,2256.2,2189.633,2225.09,2158.925,2165.989,2099.148,2082.828,2042.168,1931.514,1928.66,1905.417,1856.386,1816.8,1740.223,1776.05,1809.577,1794.225,1738.95,1726.516
Methane emissions (kt of CO2 equivalent),EN.ATM.METH.KT.CE,Solomon Islands,SLB,212.78,219.667,225.421,231.19,235.756,241.22,247.038,252.606,257.364,265.069,272.529,276.698,283.475,290.991,299.545,307.422,314.851,322.274,330.196,337.13,344.2,350.812,358.631,366.451,374.07,381.319,388.676,396.209,403.808,411.467
Methane emissions (kt of CO2 equivalent),EN.ATM.METH.KT.CE,Somalia,SOM,17074.65,15171.61,13876.26,15136.17,16335.88,16772.77,17144.58,17480.99,17542.57,17741.63,17919.84,18275.69,18513.1,18653.98,18850.43,19129,18294.89,17596.18,17611.91,17627.24,17738.07,17869.92,18086.12,18156.47,18279.35,18351.25,18299.87,18199.2,18188.91,17981.29
Methane emissions (kt of CO2 equivalent),EN.ATM.METH.KT.CE,South Africa,ZAF,63185.83,64124.94,63751.15,65735.52,66744.13,67297.19,66903.12,68260.14,68057.58,66865,65523.46,63636.67,66302.82,68922.3,70341.73,72056.54,72109.67,74195.51,76114.51,76485.72,77259.66,77264.01,79209.8,79031.69,79924.04,79161.41,78736.82,80108.91,79835.39,80128.31
Methane emissions (kt of CO2 equivalent),EN.ATM.METH.KT.CE,South Sudan,SSD,14978.15,15455.12,16844.32,18060.34,19086.01,19536.88,21986.05,24429.54,27281.93,29701.92,32654.55,32827.33,35406.55,37605.26,39591.53,41945.19,42469.16,44771.37,46001.17,47659.74,48104.34,44562.23,28464.3,29625.81,31337.27,31533.05,31996.26,31186.77,32606.8,30172.09
Methane emissions (kt of CO2 equivalent),EN.ATM.METH.KT.CE,Spain,ESP,34074.7,34137.03,34604.03,34195.41,34619.55,34996.14,35780.47,37468.02,37884.79,38472.74,39103.21,39806.79,40170.35,40156.93,39851.74,39576.81,39316.7,40032.36,38464.79,40164.82,38590.7,38434.89,37729.62,37183.75,37000.18,38582.11,38702.89,39084.79,39099.78,39277.15
Methane emissions (kt of CO2 equivalent),EN.ATM.METH.KT.CE,Sri Lanka,LKA,17856.92,17612.45,18023.99,18394.88,18428.34,18540.01,15893.8,13904.43,11124.75,9437.913,7299.088,7135.623,7251.091,7578.569,7177.734,7798.629,7817.973,7629.064,8296.775,8125.339,8597.787,8680.318,8942.034,8932.293,7995.691,8950.9,8466.218,7591.083,8425.101,8215.078
Methane emissions (kt of CO2 equivalent),EN.ATM.METH.KT.CE,St. Kitts and Nevis,KNA,65.908,65.981,66.017,65.971,66.279,66.53,67.439,68.186,69.208,70.258,71.574,72.199,72.935,73.657,74.429,75.83,76.475,78.219,80.033,80.805,81.665,81.838,76.639,76.98,76.745,77.989,78.473,79.302,80.15,80.817
Methane emissions (kt of CO2 equivalent),EN.ATM.METH.KT.CE,St. Lucia,LCA,680.748,693.506,706.262,719.017,731.708,646.399,561.086,475.84,390.622,305.379,216.581,219.376,222.579,225.325,228.466,231.249,234.085,237.254,240.311,243.45,246.249,249.122,252.027,254.93,258.376,261.171,263.319,265.781,268.207,270.659
Methane emissions (kt of CO2 equivalent),EN.ATM.METH.KT.CE,St. Martin (French part),MAF,..,..,..,..,..,..,..,..,..,..,..,..,..,..,..,..,..,..,..,..,..,..,..,..,..,..,..,..,..,..
Methane emissions (kt of CO2 equivalent),EN.ATM.METH.KT.CE,St. Vincent and the Grenadines,VCT,65.464,65.321,66.055,66.814,67.473,67.578,67.595,67.623,67.917,68.161,68.112,68.067,67.877,67.309,67.549,67.831,68.068,68.505,68.714,69.156,69.127,69.218,68.683,67.513,67.056,66.921,68.046,68.143,68.28,68.417
Methane emissions (kt of CO2 equivalent),EN.ATM.METH.KT.CE,Sudan,SDN,26858.99,27738.01,30265.61,32502.29,34526.86,35366.71,36998.58,38605.43,40977.81,42815.86,45702.07,44008.85,46207.05,47342.31,49060.33,50808.43,50065.45,52248.95,51795.89,52586.15,51156.49,54776.02,54575.89,54868.79,55036.67,55551.62,54923.97,54781.1,55158.15,55375.2
Methane emissions (kt of CO2 equivalent),EN.ATM.METH.KT.CE,Suriname,SUR,765.57,851.861,947.833,906.859,947.645,990.819,1006.703,976.207,999.531,1028.605,1012.352,1052.666,923.449,996.011,994.541,936.441,1002.911,1031.946,1111.114,1266.217,1303.427,1342.664,1330.122,1351.517,1393.765,1380.92,1400.173,1389.784,1362.285,1416.813
Methane emissions (kt of CO2 equivalent),EN.ATM.METH.KT.CE,Sweden,SWE,8551.758,8494.835,8631.485,8577.178,8454.027,8327.47,8323.908,8267.487,8087.231,7829.172,7666.07,7507.456,7281.641,7086.678,7094.128,6811.719,6662.87,6393.105,6099.434,5940.067,5873.347,5841.031,5704.597,5534.768,5392.111,5208.704,5153.571,5122.58,4879.855,4770.677
Methane emissions (kt of CO2 equivalent),EN.ATM.METH.KT.CE,Switzerland,CHE,6438.148,6346.164,6273.732,6242.867,6196.169,6140.673,6138.202,5931.033,5867.316,5738.639,5680.137,5731.175,5691.832,5598.719,5521.29,5554.865,5559.279,5514.732,5591.203,5522.457,5528.27,5424.431,5395.078,5344.968,5277.573,5224.615,5206.799,5162.409,5110.015,5041.567
Methane emissions (kt of CO2 equivalent),EN.ATM.METH.KT.CE,Syrian Arab Republic,SYR,28862.93,33804.15,38022.85,40103.63,41564.59,43292.32,42631.66,43491.92,44647.38,44820.12,44453.2,43555.18,44878.65,44481.13,37523.79,36443.84,35546.28,34932.53,34071.67,35178.3,36571.52,34195.78,24883.74,18588.24,17018.34,16395.15,15822.83,16999.04,15816.24,17037.24
Methane emissions (kt of CO2 equivalent),EN.ATM.METH.KT.CE,Tajikistan,TJK,4987.24,4887.532,4377.278,4104.913,3628.503,3379.138,3123.118,3078.455,2900.433,2785.61,2799.545,2863.758,2883.01,3028.235,3115.378,3307.443,3466.67,3591.16,4042.56,4276.81,4327.739,4483.401,4737.499,4910.983,5021.189,5234.968,5460.153,5544.567,5578.407,5661.649
Methane emissions (kt of CO2 equivalent),EN.ATM.METH.KT.CE,Tanzania,TZA,21858.02,22006.41,21996.72,22444.69,23074.37,25247.07,24025.54,23852.09,26208.85,26972.28,25861.88,26568.42,28967,31417.3,30771.01,32479.64,31296.52,32363.74,34087.82,34391.54,36392.27,38013.19,38528.7,40339.85,41157.29,43012.61,42880.22,42112.58,42571.45,43635.51
Methane emissions (kt of CO2 equivalent),EN.ATM.METH.KT.CE,Thailand,THA,54768.58,57141.25,58088.77,57973.43,58287.33,58581.01,59655.64,62990.05,61567.53,64245.44,65386.4,66620.7,65644.5,68743.65,69109.4,70996.65,71422.99,74870.9,75688.53,77261.64,81190.35,80150.47,80949.43,79688.3,75180.41,70881.9,74130.43,73980.03,73736.08,70185.43
Methane emissions (kt of CO2 equivalent),EN.ATM.METH.KT.CE,Timor-Leste,TLS,329.639,389.922,382.712,402.96,453.57,470.87,491.504,482.063,503.36,420.184,479.805,1507.417,2377.727,3258.399,4016.641,4980.976,5326.597,5624.05,5975.866,6266.314,6571.28,6448.021,6367.75,6184.74,6066.239,5989.18,5751.69,5461.667,5212.271,5014.045
Methane emissions (kt of CO2 equivalent),EN.ATM.METH.KT.CE,Togo,TGO,1506.822,1434.49,1360.334,1351.822,1356.974,1297.667,1382.955,1576.067,1788.027,1706.549,1814.849,1727.832,1876.502,1938.974,1845.209,2296.284,2109.754,1991.5,2119.82,2223.09,2206.215,2464.782,2418.724,2575.806,2532.661,2748.963,2640.739,2684.962,2720.91,2808.289
Methane emissions (kt of CO2 equivalent),EN.ATM.METH.KT.CE,Tonga,TON,122.37,122.618,125.056,124.799,123.433,113.518,107.745,101.493,95.368,90.495,85.99,86.102,86.287,86.472,86.657,86.842,87.047,87.482,87.689,87.894,88.168,88.275,89.197,89.669,90.226,90.772,90.714,90.972,91.276,91.582
Methane emissions (kt of CO2 equivalent),EN.ATM.METH.KT.CE,Trinidad and Tobago,TTO,6644.71,6649.413,6461.005,4746.235,3246.168,3007.05,3402.044,3303.035,3410.951,3779.227,4180.538,4483.298,4997.137,5969.727,6300.697,6834.576,7753.806,7931.316,7924.26,7942.398,8164.682,8117.43,8147.956,8180.631,8112.977,7646.593,6817.169,6847.471,7020.025,7007.191
Methane emissions (kt of CO2 equivalent),EN.ATM.METH.KT.CE,Tunisia,TUN,4752.93,4937.232,5192.037,5054.682,4818.805,4943.896,5324.084,5392.663,5718.318,6024.487,6175.62,6210.864,6257.633,6178.132,6347.005,6461.864,6644.584,6960.397,7050.417,7104.425,7319.345,7328.217,7454.994,7365.386,7408.14,7139.832,6954.218,6828.131,6931.781,6869.294
Methane emissions (kt of CO2 equivalent),EN.ATM.METH.KT.CE,Turkiye,TUR,38202.32,37035.72,37729.38,37574.91,37025.81,36964.52,36892.54,37646.12,37210.71,38153.66,38774.19,37970.55,37338.36,37016.67,37082.98,38448.29,39798.31,42266.97,42834.66,42409.51,42380.29,43992.94,45458.25,44417.68,46620.02,42513.3,44562.39,44972.72,47094.51,48523.95
Methane emissions (kt of CO2 equivalent),EN.ATM.METH.KT.CE,Turkmenistan,TKM,64463.78,63384.36,43269.53,50983.61,37156.44,37405.64,36938.58,27441.46,27108.95,34840.85,47918.2,48058.13,49797.45,56451.93,60116.32,61675.54,61932,64552.56,68798.35,48919.23,53740.81,67473.92,71563.93,77050.6,76044.11,77775.43,75679.47,75559.67,78113.72,80475.78
Methane emissions (kt of CO2 equivalent),EN.ATM.METH.KT.CE,Turks and Caicos Islands,TCA,..,..,..,..,..,..,..,..,..,..,..,..,..,..,..,..,..,..,..,..,..,..,..,..,..,..,..,..,..,..
Methane emissions (kt of CO2 equivalent),EN.ATM.METH.KT.CE,Tuvalu,TUV,9.495,10.128,10.184,10.05,10.146,10.164,10.178,10.264,10.275,10.363,10.375,10.448,10.639,10.71,10.786,10.856,10.902,10.983,11.071,11.154,11.208,11.243,11.281,11.319,11.372,11.425,11.453,11.485,11.52,11.552
Methane emissions (kt of CO2 equivalent),EN.ATM.METH.KT.CE,Uganda,UGA,7881.965,8321.705,8555.883,8757.62,8591.958,9008.298,9550.683,10163.63,10749.78,10512.96,10778.46,11017.15,11605,12724.41,12890.94,13724.83,13030.32,14104.8,18258.7,18694.65,19688.49,19509.52,20359.03,20467.3,20951.65,21886.87,22301.5,22838.18,23542.41,23984.45
Methane emissions (kt of CO2 equivalent),EN.ATM.METH.KT.CE,Ukraine,UKR,92311.83,89504.67,81608.2,77954.3,74305.23,69946.78,66074.6,60246,53879.28,52249.25,49886.08,47370.72,47617.7,47376.22,44912.78,43506.44,41782.28,41505.96,39608.33,36591.3,38058.55,36837.32,36352.84,36780.23,35298.92,33361.15,33130.68,32958.47,33148.19,32679.58
Methane emissions (kt of CO2 equivalent),EN.ATM.METH.KT.CE,United Arab Emirates,ARE,16458.27,17869.37,17813.19,18284.79,19669.55,20373.25,21285.6,21521.93,21469.36,20971.39,22003.73,23520.23,23724.34,26974.17,28538.88,30890.66,32696.7,33442.32,34843.25,34067.34,35719.45,38362.81,40310.6,42442.22,42865.01,45705.64,47357.91,46898.4,47461.09,49801.4
Methane emissions (kt of CO2 equivalent),EN.ATM.METH.KT.CE,United Kingdom,GBR,109013.1,109443.8,109678.4,110839.2,112580.8,113292.8,114037.9,113255.6,112395.5,109890.3,105995.8,101108.2,99008.85,94864.94,89862.4,86257.46,81985.73,77779.85,72457.56,67200.4,62341.84,58795.56,56779.17,53136.32,50756.52,50109.06,51600.12,51335.98,50778.85,50114.61
Methane emissions (kt of CO2 equivalent),EN.ATM.METH.KT.CE,United States,USA,649959.5,651920.8,654786.5,647768.6,660094.3,657871.3,655479.1,646691.6,634424.7,621900,617289.9,611559,604829.8,605292,604722.4,606619.7,607605.8,612918.2,621113.5,610500.2,627744.7,632762.5,643720.5,646167.5,669718.3,670485.5,652350.2,668387.2,709395.9,744508.9
Methane emissions (kt of CO2 equivalent),EN.ATM.METH.KT.CE,Uruguay,URY,18112.51,18948.29,19912.88,20591.36,20774.22,20662.89,20950.52,20692.61,20244.13,20437.46,20077.59,20064.37,20792.68,21306.2,21880.97,22040.04,22792.12,22315.26,22818.55,22410.93,21367.72,21621.41,21062.66,21193.49,21523.68,21530.6,21650.03,21330.56,20919.09,20741.48
Methane emissions (kt of CO2 equivalent),EN.ATM.METH.KT.CE,Uzbekistan,UZB,36358.36,36871.35,33493.33,35351.99,37729.85,36791.71,37173.8,37521.95,38838.28,39099.71,39186.75,40217.55,42234.52,41888.57,42777.59,42548.99,44565.07,44288.96,46662.13,45398.68,46896.54,47095.28,47050.52,46494.67,45249.32,45508.91,48457.98,49337.83,53526.38,53983.53
Methane emissions (kt of CO2 equivalent),EN.ATM.METH.KT.CE,Vanuatu,VUT,316.911,327.741,344.51,364.545,370.287,372.411,374.974,377.191,379.791,382.899,369.137,356.227,358.495,372.886,379.554,388.627,396.534,450.181,457.828,436.763,448.667,460.462,467.367,472.727,480.725,486.888,488.844,495.245,500.891,506.629
Methane emissions (kt of CO2 equivalent),EN.ATM.METH.KT.CE,"Venezuela, RB",VEN,132042.7,142717.4,143568.5,148674,153200,166206.9,180880.4,192148,195866,182916.3,189765.1,189925.3,180832.7,172700.4,185380.5,190628.3,189391.5,188182.2,190387.4,179755.9,175898.1,177416.9,191336.2,193753.5,192119.8,185856.1,176074.4,157084.9,138173.9,119235.4
Methane emissions (kt of CO2 equivalent),EN.ATM.METH.KT.CE,Vietnam,VNM,43190.8,45120.08,46594.42,47847.11,48115.15,51047.36,53857.22,55975.35,59070.88,62212.14,63960.7,64362.18,66213.43,68153.05,72397.95,75115.43,77594.4,78922.2,79452.18,81504.53,82375.18,83187.94,83432.35,84320.76,84408.59,83532.17,81437.96,81097.23,81225.57,80481.86
Methane emissions (kt of CO2 equivalent),EN.ATM.METH.KT.CE,Virgin Islands (U.S.),VIR,..,..,..,..,..,..,..,..,..,..,..,..,..,..,..,..,..,..,..,..,..,..,..,..,..,..,..,..,..,..
Methane emissions (kt of CO2 equivalent),EN.ATM.METH.KT.CE,West Bank and Gaza,PSE,..,..,..,..,..,..,..,..,..,..,..,..,..,..,..,..,..,..,..,..,..,..,..,..,..,..,..,..,..,..
Methane emissions (kt of CO2 equivalent),EN.ATM.METH.KT.CE,"Yemen, Rep.",YEM,8892.486,8895.512,8752.874,10655.08,14726.64,14663.26,15027.1,15832.08,16210.63,17344.3,19315.61,19417.01,19473.13,20216.1,19589.95,20465.18,20811.15,19937.87,18710.21,19438.69,23053.11,22326.92,19798.18,22364.46,20949.81,12262.46,9346.376,10135.27,10621.26,10607.71
Methane emissions (kt of CO2 equivalent),EN.ATM.METH.KT.CE,Zambia,ZMB,12034.28,12188.44,12271.64,12180.08,12064.81,11978.39,11248.88,11496.12,12476.69,11930.51,11542.68,11825.01,12798.7,13838.56,13837.54,14455.05,13431.72,13714.48,13823.63,13325.67,14410.15,13866.2,15462.31,15732.08,15593.85,15821.26,15636.33,15020.21,15245.6,15619.32
Methane emissions (kt of CO2 equivalent),EN.ATM.METH.KT.CE,Zimbabwe,ZWE,9614.534,8721.383,9327.047,7798.534,8466.705,8865.507,10336.15,10449.16,11142.05,11670.61,11651.43,11840.81,11105.19,10965.44,11186.39,11196.79,10953.67,11227.56,11368.11,11831.59,12270.46,12642.2,12464.66,12338.68,11373.27,12259.38,11867.13,12062.03,12336.66,12551.25
Methane emissions (kt of CO2 equivalent),EN.ATM.METH.KT.CE,Africa Eastern and Southern,AFE,320608.7,321179.207,326870.391,330294.42,339338.682,347458.763,351469.829,359460.431,377537.533,380668.713,380595.401,382942.702,403819.439,416978.088,425994.594,443066.678,442280.705,468927.247,486798.814,487654.636,503896.844,508716.504,494571.786,496833.562,501343.301,509911.936,515167.832,518250.051,519976.986,525302.326
Methane emissions (kt of CO2 equivalent),EN.ATM.METH.KT.CE,Africa Western and Central,AFW,225168.244,244594.314,253945.799,259032.771,264789.077,263704.979,269402.475,266682.908,262837.303,255058.994,261648.726,261809.047,257348.206,273292.218,279446.21,289668.262,288452.848,286424.783,287836.276,284054.014,300378.813,308017.785,310780.976,315606.487,323415.048,330460.665,343194.085,349765.804,359345.883,366619.843
Methane emissions (kt of CO2 equivalent),EN.ATM.METH.KT.CE,Arab World,ARB,407364.212,394501.307,409298.564,435089.092,457861.036,473240.538,484775.314,506862.226,530683.35,541438.983,565065.254,555319.293,552463.647,569794.784,589815.12,610514.672,621196.459,625564.831,640565.935,628794.946,647391.48,629383.165,684245.456,669134.838,660747.788,671151.565,696084.342,715760.133,733404.567,747464.417
Methane emissions (kt of CO2 equivalent),EN.ATM.METH.KT.CE,Caribbean small states,CSS,20358.017,20841.584,21084.292,19636.917,18332.743,17197.221,16445.475,15204.469,14123.891,13510.217,12548.439,12988.486,13291.806,14600.25,14792.478,15192.083,16004.583,16281.02,16519.442,16795.025,17169.648,17273.96,17318.055,17565.064,17641.591,17232.972,16141.068,16344.251,16467.197,16818.443
Methane emissions (kt of CO2 equivalent),EN.ATM.METH.KT.CE,Central Europe and the Baltics,CEB,155063.383,147231.543,139563.447,131475.925,124041.26,120539.417,119824.534,117755.365,113646.327,110461.865,107047.694,104329.561,103005.804,103931.959,102133.374,102015.056,101925.029,101025.738,100259.439,98193.21,98414.266,95327.969,94227.037,92777.596,91512.534,91104.179,89516.592,89713.987,88668.149,87965.305
Methane emissions (kt of CO2 equivalent),EN.ATM.METH.KT.CE,Early-demographic dividend,EAR,2140200.324,2201241.426,2208825.825,2260258.657,2290275.342,2348256.864,2398046.288,2427030.458,2449584.122,2480373.633,2535154.06,2531506.451,2534697.51,2592176.787,2635639.216,2692639.116,2737713.758,2771282.356,2809425.18,2765508.429,2797287.505,2800819.204,2855785.748,2844076.626,2863741.026,2874461.245,2919037.78,2962073.217,2979006.178,2960830.478
Methane emissions (kt of CO2 equivalent),EN.ATM.METH.KT.CE,East Asia & Pacific,EAS,1528870.173,1548273.695,1564890.13,1581054.147,1615398.316,1668629.514,1679910.918,1642999.51,1644963.097,1675242.508,1691690.194,1690398.927,1675085.929,1663399.371,1735297.92,1758345.421,1824511.843,1856409.854,1859163.01,1897578.499,1938357.527,2036005.642,2037883.968,2029339.579,2060708.854,2053351.265,2003102.894,2047503.067,2077515.751,2077299.86
Methane emissions (kt of CO2 equivalent),EN.ATM.METH.KT.CE,East Asia & Pacific (excluding high income),EAP,1292746.79,1312420.708,1330659.252,1347966.325,1379874.127,1434357.708,1453758.763,1416316.848,1418607.774,1434113.355,1440993.612,1429700.784,1420370.889,1448057.346,1500657.4,1543245.401,1590380.017,1625780.07,1645817.623,1680479.506,1730262.641,1778900.579,1781680.174,1810728.026,1830567.208,1828589.15,1794654.978,1816413.513,1847662.473,1862775.479
Methane emissions (kt of CO2 equivalent),EN.ATM.METH.KT.CE,East Asia & Pacific (IDA & IBRD countries),TEA,1266123.261,1287298.428,1306878.201,1325538.603,1358780.617,1414688.22,1435731.319,1399522.179,1403091.42,1419714.186,1427962.718,1416315.642,1406788.599,1434329.118,1486813.454,1529229.867,1575783.94,1610688.008,1630174.126,1664334.196,1713560.408,1762032.032,1764578.593,1793582.371,1813297.2,1811384.528,1777311.003,1798477.604,1829714.151,1844699.205
Methane emissions (kt of CO2 equivalent),EN.ATM.METH.KT.CE,Euro area,EMU,379047.467,375486.707,369553.825,364218.154,360625.256,358919.136,358990.897,355717.55,351530.27,348457.236,347991.901,343272.192,339223.189,334857.467,328980.064,323391.485,318783.787,316592.146,313677.855,309716.75,306664.163,298576.206,296323.757,292699.081,288037.379,289245.664,287329.869,285611.625,279458.921,277104.628
Methane emissions (kt of CO2 equivalent),EN.ATM.METH.KT.CE,Europe & Central Asia,ECS,1717749.054,1669986.003,1576359.68,1537426.628,1480458.252,1444562.728,1422634.78,1375173.964,1355380.865,1357274.953,1368238.019,1362750.274,1373039.796,1403292.485,1398674.081,1406804.907,1400725.272,1405839.532,1405962.652,1351708.539,1376417.162,1384174.453,1380657.155,1378761.654,1370702.348,1372641.368,1387034.035,1406341.511,1434865.867,1448453.158
Methane emissions (kt of CO2 equivalent),EN.ATM.METH.KT.CE,Europe & Central Asia (excluding high income),ECA,1083896.279,1045595.83,964806.578,934403.776,882606.49,850739.677,828414.755,786499.668,775392.498,785493.27,803595.563,809532.143,827313.918,865797.337,873485.025,890827.802,893386.827,906290.637,915561.231,872265.497,904482.341,927604.714,929083.188,936182.691,936486.602,938440.011,954646.244,975793.926,1012224.829,1029863.74
Methane emissions (kt of CO2 equivalent),EN.ATM.METH.KT.CE,Europe & Central Asia (IDA & IBRD countries),TEC,1163798.448,1120585.496,1035129.175,1001786.475,948492.449,914891.628,892031.238,849363.463,835863.383,844688.385,860895.928,865402.582,882842.518,921894.568,929195.957,946769.204,949819.58,962448.993,971287.548,927216.771,959607.959,979786.766,981263.517,988152.034,987812.996,989478.501,1004744.823,1026284.013,1062235.829,1079302.848
Methane emissions (kt of CO2 equivalent),EN.ATM.METH.KT.CE,European Union,EUU,528593.848,517709.607,504091.184,493118.461,484314.861,479847.623,479462.547,474425.487,466315.371,460496.007,457214.768,450099.521,444319.051,440738.402,433079.254,427195.603,422484.387,419181.484,415008.475,409059.037,406314.209,394970.232,391837.177,386375.802,380524.49,381118.584,377565.954,376045.647,368734.51,365363.219
Methane emissions (kt of CO2 equivalent),EN.ATM.METH.KT.CE,Fragile and conflict affected situations,FCS,755388.658,751184.697,760466.725,778079.195,806232.892,824559.853,846745.011,863389.217,886486.375,878238.332,898140.733,891775.961,886917.951,892587.624,929017.028,954173.57,960821.453,971609.22,987387.625,976527.529,1006257.728,972921.13,1015222.698,1009624.726,1002914.796,1010437.908,1023377.989,1037833.282,1044450.024,1040323.763
Methane emissions (kt of CO2 equivalent),EN.ATM.METH.KT.CE,Heavily indebted poor countries (HIPC),HPC,312137.796,325387.254,334826.22,339433.932,347401.596,353175.795,358990.533,368418.969,386249.711,390090.018,396070.832,395249.18,416641.289,431827.091,438899.887,460119.976,460886.121,471808.521,486185.897,491224.068,510745.023,519868.935,529941.019,544306.777,553943.658,567977.8,580978.003,586661.687,598656.862,608372.087
Methane emissions (kt of CO2 equivalent),EN.ATM.METH.KT.CE,High income,HIC,1743350.131,1749444.868,1751383.59,1741350.673,1753066.313,1751716.517,1748661.607,1742406.192,1724305.042,1714910.173,1723140.195,1716458.018,1696650.724,1665747.457,1680697.249,1664780.042,1683886.387,1675878.718,1663035.754,1633799.612,1643866.853,1700462.767,1714622.629,1678218.465,1707719.401,1709900.494,1685354.527,1723151.916,1763773.728,1780386.435
Methane emissions (kt of CO2 equivalent),EN.ATM.METH.KT.CE,IBRD only,IBD,4061184.585,4046303.807,4001455.831,4024120.328,4039808.571,4106525.068,4132266.15,4102152.216,4134995.751,4171778.874,4234646.127,4238289.607,4249457.737,4363759.661,4495804.992,4601577.694,4672177.725,4749074.574,4802121.142,4771348.317,4889376.541,4938855.215,5004824.492,5015075.799,5053795.481,5079236.323,5101055.94,5162263.827,5216413.45,5231053.766
Methane emissions (kt of CO2 equivalent),EN.ATM.METH.KT.CE,IDA & IBRD total,IBT,4853482.104,4863597.767,4839425.43,4880182.449,4918284.42,4997052.788,5031790.222,5007047.919,5052968.121,5097170.051,5168960.438,5178110.299,5214791.976,5366282.264,5508893.531,5648669.838,5732456.998,5836332.926,5914820.117,5894270.202,6049415.567,6113318.2,6166077.858,6192871.515,6244882.024,6283676.292,6328252.315,6408300.92,6491084.62200001,6527130.99
Methane emissions (kt of CO2 equivalent),EN.ATM.METH.KT.CE,IDA blend,IDB,285819.184,297926.218,301811.44,305649.94,311808.753,310661.421,316177.494,311889.154,307350.505,303319.623,303636.492,308386.807,306273.058,322798.7,331051.241,337906.534,344435.456,355535.978,361921.192,360127.727,371469.669,382673.939,386489.394,390192.86,394212.289,400323.892,411737.245,418558.667,433063.458,445618.778
Methane emissions (kt of CO2 equivalent),EN.ATM.METH.KT.CE,IDA only,IDX,506478.335,519367.742,536158.159,550412.181,566667.096,579866.299,583346.578,593006.549,610621.865,622071.554,630677.819,631433.885,659061.181,679723.903,682037.298,709185.61,715843.817,731722.374,750777.783,762794.158,788569.357,791789.046,774763.972,787602.856,796874.254,804116.077,815459.13,827478.426,841607.714,850458.446
Methane emissions (kt of CO2 equivalent),EN.ATM.METH.KT.CE,IDA total,IDA,792297.519,817293.96,837969.599,856062.121,878475.849,890527.72,899524.072,904895.703,917972.37,925391.177,934314.311,939820.692,965334.239,1002522.603,1013088.539,1047092.144,1060279.273,1087258.352,1112698.975,1122921.885,1160039.026,1174462.985,1161253.366,1177795.716,1191086.543,1204439.969,1227196.375,1246037.093,1274671.172,1296077.224
Methane emissions (kt of CO2 equivalent),EN.ATM.METH.KT.CE,Late-demographic dividend,LTE,2280750.694,2262465.108,2234637.184,2217577.195,2214996.143,2236865.156,2221949.714,2163480.064,2165336.551,2169489.63,2187436.098,2204403.936,2231926.016,2322586.85,2400871.772,2474068.611,2521177.877,2568802.663,2600073.345,2616493.308,2721375.621,2783312.285,2791026.676,2823033.504,2841197.984,2852005.286,2834074.548,2863061.078,2917719.557,2957542.153
Methane emissions (kt of CO2 equivalent),EN.ATM.METH.KT.CE,Latin America & Caribbean,LCN,840374.351,861099.137,874738.969,890228.188,907288.349,928612.382,935199.068,957556.245,969078.205,964695.014,982528.951,1001781.531,1021609.601,1048075.868,1084817.625,1102812.444,1107183.167,1112405.115,1119247.892,1111600.032,1128509.173,1133131.488,1153602.229,1151794.218,1167756.111,1174491.602,1169860.055,1151992.03,1131924.443,1127450.269
Methane emissions (kt of CO2 equivalent),EN.ATM.METH.KT.CE,Latin America & Caribbean (excluding high income),LAC,667177.475,676105.233,687711.972,698688.779,712044.505,720546.032,711621.428,722863.883,730831.898,738838.657,749977.93,768578.249,796414.341,829643.193,852765.394,864846.794,868912.339,875947.23,879456.108,882599.339,903601.197,906223.32,912952.376,909518.965,927642.274,941365.067,946802.068,948055.055,946609.383,961067.66
Methane emissions (kt of CO2 equivalent),EN.ATM.METH.KT.CE,Latin America & the Caribbean (IDA & IBRD countries),TLA,825506.735,846608.527,860248.858,876649.232,893317.805,914843.112,920768.335,943259.393,954786.642,950566.399,968337.641,987739.79,1007393.987,1033676.001,1070903.095,1089609.174,1093574.02,1098700.573,1105300.644,1097065.811,1114103.126,1118391.147,1138874.989,1137022.172,1152989.144,1160213.333,1155480.828,1138035.596,1117920.033,1113736.035
Methane emissions (kt of CO2 equivalent),EN.ATM.METH.KT.CE,Least developed countries: UN classification,LDC,445926.617,452329.067,463117.483,473955.998,488285.501,502229.602,509643.056,519740.946,541299.391,553670.129,564032.521,567571.757,595858.239,618977.298,631810.837,660187.386,668359.744,688713.588,709376.842,720147.329,745782.628,749424.28,740675.698,757728.897,767905.351999999,776008.898,787690.595,798953.172,808883.253,816694.504
Methane emissions (kt of CO2 equivalent),EN.ATM.METH.KT.CE,Low & middle income,LMY,4641817.698,4643169.359,4620288.32,4657207.311,4692157.968,4758211.623,4776990.554,4740517.229,4783990.599,4840575.894,4906258.802,4916390.3,4961791.407,5119804.645,5248812.019,5381903.683,5465879.686,5572432.918,5648811.38900001,5640915.363,5800406.636,5865752.213,5904990.728,5930457.602,5985390.576,6030904.83,6086728.604,6185674.774,6287618.811,6343006.276
Methane emissions (kt of CO2 equivalent),EN.ATM.METH.KT.CE,Low income,LIC,281387.349,285700.652,292204.606,293573.642,299967.144,303553.75,311454.329,319272.629,334785.812,338360.19,344459.67,345485.591,365587.429,378413.772,389106.399,406096.859,409460.283,424340.449,439682.611,447154.361,462900.297,466578.01,459708.651,470314.105,479510.999,490510.358,502553.831,508829.44,519910.211,524414.472
Methane emissions (kt of CO2 equivalent),EN.ATM.METH.KT.CE,Lower middle income,LMC,1729964.312,1766687.695,1787098.395,1813717.646,1837014.68,1871351.262,1901177.634,1912574.524,1918614.925,1953140.342,1975558.88,1971978.353,1969714.934,2020604.529,2046382.188,2087643.359,2117126.087,2152425.416,2171414.69,2165793.528,2192783.33,2217086.596,2217804.977,2229683.829,2256970.699,2279332.786,2332688.256,2369612.049,2395809.861,2392672.815
Methane emissions (kt of CO2 equivalent),EN.ATM.METH.KT.CE,Middle East & North Africa,MEA,475704.467,470890.057,490071.036,518792.615,540345.87,558145.884,571928.262,595408.297,617768.967,630034.92,659019.539,649412.267,640758.04,670612.153,696545.639,720469.03,739607.45,749391.366,764719.033,755009.179,778878.085,759966.834,805971.453,786695.591,785039.126,800411.963,853267.004,885035.35,902565.792,890481.078
Methane emissions (kt of CO2 equivalent),EN.ATM.METH.KT.CE,Middle East & North Africa (excluding high income),MNA,362468.546,346170.411,355480.491,378542.413,398868.945,413341.456,422902.757,439845.249,461285.509,476948.329,496000.477,487502.546,481141.467,496710.882,517575.852,532111.92,546918.397,556947.583,564247.233,562706.768,577435.432,542094.162,579257.527,554251.263,551409.016,559532.154,602617.708,637508.925,649642.123,636654.756
Methane emissions (kt of CO2 equivalent),EN.ATM.METH.KT.CE,Middle East & North Africa (IDA & IBRD countries),TMN,362468.546,346170.411,355480.491,378542.413,398868.945,413341.456,422902.757,439845.249,461285.509,476948.329,496000.477,487502.546,481141.467,496710.882,517575.852,532111.92,546918.397,556947.583,564247.233,562706.768,577435.432,542094.162,579257.527,554251.263,551409.016,559532.154,602617.708,637508.925,649642.123,636654.756
Methane emissions (kt of CO2 equivalent),EN.ATM.METH.KT.CE,Middle income,MIC,4342344.604,4333888.242,4301564.073,4331684.254,4355534.825,4416895.905,4429927.66,4384230.544,4411328.355,4464085.169,4522726.72,4532632.487,4555536.761,4700042.72,4826775.577,4943408.274,5024653.957,5117916.694,5181609.938,5165116.812,5304695.795,5370128.03,5427797.195,5446567.815,5494355.675,5539291.313,5586911.264,5678096.8,5769970.51,5820318.407
Methane emissions (kt of CO2 equivalent),EN.ATM.METH.KT.CE,North America,NAC,718927.37,722147.83,727491.89,722064.68,736108.89,736896.16,736502.96,728875.77,719029.34,705902.22,701923.72,697280.88,692156.06,693200.93,695149.33,697930.55,700768.78,704900.2,709331.39,695627.97,713301,719339.37,730731.52,735974.85,761649.67,762697.45,746795.59,767044.85,811122.1,846205.6
Methane emissions (kt of CO2 equivalent),EN.ATM.METH.KT.CE,Not classified,INX,..,..,..,..,..,..,..,..,..,..,..,..,..,..,..,..,..,..,..,..,..,..,..,..,..,..,..,..,..,..
Methane emissions (kt of CO2 equivalent),EN.ATM.METH.KT.CE,OECD members,OED,1760544.122,1757388.585,1752865.2,1749086.521,1762735.282,1760428.82,1754322.511,1746037.22,1730266.499,1722170.663,1724779.212,1718446.132,1700140.613,1656263.661,1667353.495,1645132.04,1662870.886,1660746.666,1642283.058,1623068.095,1629178.566,1673948.31,1678393.198,1629990.745,1668969.565,1667934.731,1636947.309,1678239.007,1720976.291,1742420.92
Methane emissions (kt of CO2 equivalent),EN.ATM.METH.KT.CE,Other small states,OSS,38556.456,39993.437,41055.643,41971.471,43117.906,44598.031,46337.427,49431.54,50666.98,51409.758,52823.414,55766.818,55552.345,56737.974,60026.677,62582.27,65388.243,65845.825,71447.342,69068.911,78103.791,83600.289,79782.612,76589.803,77505.358,76994.33,76771.382,77384.965,75598.738,74833.328
Methane emissions (kt of CO2 equivalent),EN.ATM.METH.KT.CE,Pacific island small states,PSS,1608.498,1647.518,1682.212,1759.753,1831.969,1898.869,1897.347,1898.456,1893.559,1881.472,1877.076,1895.718,1875.735,1892.61,1917.062,1933.675,1949.733,2014.966,2027.811,2017.574,2040.376,2067.063,2086.526,2112.13,1735.608,1765.287,1784.118,1825.153,1850.12,1911.882
Methane emissions (kt of CO2 equivalent),EN.ATM.METH.KT.CE,Post-demographic dividend,PST,1630641.678,1624152.05,1606835.499,1588159.384,1596631.089,1588869.77,1578147.992,1560253.137,1536940.284,1529649.836,1527198.77,1519184.657,1499936.826,1453120.544,1460712.28,1432585.115,1444318.639,1438837.577,1416156.323,1394308.531,1397142.434,1438836.561,1443758.417,1402989.619,1430633.925,1424233.907,1389675.562,1429506.204,1466568.643,1481788.55
Methane emissions (kt of CO2 equivalent),EN.ATM.METH.KT.CE,Pre-demographic dividend,PRE,465371.844,447224.111,464690.404,480982.917,496265.052,501893.611,508145.071,524071.226,552070.672,558665.613,569157.359,567457.759,572490.286,590140.653,617436.2,637784.798,635710.529,657330.211,676334.48,677912.601,704114.889,720411.754,720130.592,732080.653,749407.365,775709.7,805116.761,811016.114,826015.323,842208.417
Methane emissions (kt of CO2 equivalent),EN.ATM.METH.KT.CE,Small states,SST,60522.971,62482.539,63822.147,63368.141,63282.618,63694.121,64680.249,66534.465,66684.43,66801.447,67248.929,70651.022,70719.886,73230.834,76736.217,79708.028,83342.559,84141.811,89994.595,87881.51,97313.815,102941.312,99187.193,96266.997,96882.557,95992.589,94696.568,95554.369,93916.0549999999,93563.653
Methane emissions (kt of CO2 equivalent),EN.ATM.METH.KT.CE,South Asia,SAS,689808.17,697161.384,700872.515,708338.535,714696.845,728124.63,739484.269,748914.296,757566.331,769525.045,773519.547,776397.99,775457.76,789401.389,798964.369,818214.733,835627.508,852195.739,869175.476,871238.006,880432.985,894279.804,896750.47,907423.626,914615.319,922695.175,929736.036,939978.927,952249.617,960815.977
Methane emissions (kt of CO2 equivalent),EN.ATM.METH.KT.CE,South Asia (IDA & IBRD),TSA,689808.17,697161.384,700872.515,708338.535,714696.845,728124.63,739484.269,748914.296,757566.331,769525.045,773519.547,776397.99,775457.76,789401.389,798964.369,818214.733,835627.508,852195.739,869175.476,871238.006,880432.985,894279.804,896750.47,907423.626,914615.319,922695.175,929736.036,939978.927,952249.617,960815.977
Methane emissions (kt of CO2 equivalent),EN.ATM.METH.KT.CE,Sub-Saharan Africa,SSF,545776.944,565773.521,580816.19,589327.191,604127.759,611163.742,620872.304,626143.339,640374.836,635727.707,642244.127,644751.749,661167.645,690270.306,705440.804,732734.94,730733.553,755352.03,774635.09,771708.65,804275.657,816734.289,805352.762,812440.049,824758.349,840372.601,858361.917,868015.855,879322.869,891922.169
Methane emissions (kt of CO2 equivalent),EN.ATM.METH.KT.CE,Sub-Saharan Africa (excluding high income),SSA,545720.438,565715.793,580757.512,589267.483,604067.056,611102.12,620808.582,626077.285,640306.589,635657.238,642171.673,644678.588,661093.032,690194.498,705363.979,732657.033,730654.598,755271.659,774553.718,771626.247,804192.04,816649.634,805266.993,812353.031,824670.157,840283.273,858271.57,867924.428,879230.386,891828.664
Methane emissions (kt of CO2 equivalent),EN.ATM.METH.KT.CE,Sub-Saharan Africa (IDA & IBRD countries),TSS,545776.944,565773.521,580816.19,589327.191,604127.759,611163.742,620872.304,626143.339,640374.836,635727.707,642244.127,644751.749,661167.645,690270.306,705440.804,732734.94,730733.553,755352.03,774635.09,771708.65,804275.657,816734.289,805352.762,812440.049,824758.349,840372.601,858361.917,868015.855,879322.869,891922.169
Methane emissions (kt of CO2 equivalent),EN.ATM.METH.KT.CE,Upper middle income,UMC,2612380.292,2567200.547,2514465.678,2517966.608,2518520.145,2545544.643,2528750.026,2471656.02,2492713.43,2510944.827,2547167.84,2560654.134,2585821.827,2679438.191,2780393.389,2855764.915,2907527.87,2965491.278,3010195.248,2999323.284,3111912.465,3153041.434,3209992.218,3216883.986,3237384.976,3259958.527,3254223.008,3308484.751,3374160.649,3427645.592
Methane emissions (kt of CO2 equivalent),EN.ATM.METH.KT.CE,World,WLD,6748500,6758084,6734709,6753658,6798311,6871563,6896150,6864057,6886591,6915308,7002950,7005347,7014992,7139379,7295272,7415268,7524982,7626488,7695500,7635382,7801931,7926696,8008105,7992348,8067667,8100992,8128442,8247060,8370617,8422482
,,,,,,,,,,,,,,,,,,,,,,,,,,,,,,,,,
,,,,,,,,,,,,,,,,,,,,,,,,,,,,,,,,,
,,,,,,,,,,,,,,,,,,,,,,,,,,,,,,,,,
Data from database: World Development Indicators,,,,,,,,,,,,,,,,,,,,,,,,,,,,,,,,,
Last Updated: 05/10/2023,,,,,,,,,,,,,,,,,,,,,,,,,,,,,,,,,
